LSOA,n_sim,sim_gas_mean_kWh,sim_elec_mean_kWh,gas_mean_kWh,elec_mean_kWh,gas_meters,elec_meters,gas_ape,elec_ape
E01030421,930,9262.623786268536,3895.5475951497647,13273.08459001211,3577.262460786233,1024.0,959.0,0.3021498715348664,0.08897449875499963
E01030422,812,10181.055964978697,3942.4995581517023,10944.7703856573,3460.520000268108,702.0,809.0,0.06977893494041881,0.13927951806267622
E01030423,619,10711.623948529426,3732.3563324695015,12846.75992701106,3801.543298281658,835.0,845.0,0.1662003486180501,0.018199704799740063
E01030424,650,12605.31181568311,3836.0109002610675,11869.11226608922,3540.517385826771,591.0,635.0,0.062026504854727604,0.08346054608210714
E01030425,825,10565.725253266723,3767.3074662811114,12314.76647044191,3423.142092746731,843.0,841.0,0.14202796466934733,0.10054077926348122
E01030426,622,10148.318423629598,3660.784369148034,11536.08125238638,3476.400363067293,591.0,639.0,0.12029759485871395,0.05303877195492398
E01030427,601,13561.062200957054,3837.9123633938675,13881.49522415547,3842.441482547655,616.0,619.0,0.023083466011703337,0.0011787086867448375
E01030428,530,14317.34084860609,4061.088704993394,14651.66333988135,4075.41122827103,533.0,535.0,0.02281805713930407,0.0035143749858372107
E01030429,709,8675.668631749928,3337.354978710682,10203.2517937233,2926.44270696452,700.0,761.0,0.1497153253547159,0.14041357131928442
E01030430,610,16996.783058536952,4196.863942205556,15395.73465339765,3854.942271565492,609.0,626.0,0.10399298514708874,0.08869696263991252
E01030431,609,15718.972084529041,4087.4191886760573,14496.54529213392,3836.387479191377,649.0,638.0,0.08432538703262157,0.0654343991179931
E01030432,541,11031.677935570044,3645.643196689828,10894.29561197825,3603.982429214725,632.0,652.0,0.012610482447414218,0.011559647776690343
E01030433,697,10744.096812313323,3430.7478123817577,10664.4040180802,3444.5620201878,672.0,713.0,0.00747278461112433,0.004010439563892406
E01030434,746,13813.173131667658,4603.683953819925,13873.42397088244,4510.005939035231,500.0,755.0,0.0043428961258040865,0.02077115109181725
E01030435,718,15275.329211009426,4208.479819357206,16883.63264058705,3924.766379130184,720.0,719.0,0.09525813927693359,0.07228798170909205
E01030436,972,14587.745030110758,4623.85214928005,14214.03108196579,4025.806301985622,813.0,1036.0,0.026291904526585867,0.14855306053832187
E01030437,896,18239.06816332491,4864.024951808492,18378.02895792617,4168.453613533839,928.0,990.0,0.00756124581800306,0.16686555801324524
E01030438,809,16854.56706528028,5444.841548938242,17454.86163107484,4529.460575373888,651.0,900.0,0.034391253192512135,0.20209492020775424
E01030439,647,23282.848017883276,5812.347728728781,20444.67884954853,5058.449245121293,591.0,681.0,0.13882190027149383,0.1490374711843947
E01030440,648,21687.0449125029,5182.05101626646,24730.07350548494,6452.326132628951,503.0,670.0,0.12304971889012453,0.1968708788507762
E01030441,484,21413.839022902826,4964.473997470478,21854.19218104445,6440.579287922162,477.0,573.0,0.020149596676630823,0.2291882801939544
E01030442,549,31321.149917455426,5966.680989186807,31132.57148724238,7517.985925198283,544.0,584.0,0.006057271250154245,0.20634581541472646
E01030443,535,24525.403441801638,5053.649630095958,23614.92163800298,5387.652422143335,534.0,563.0,0.03855535994383485,0.061994123948052045
E01030444,474,19061.83532480445,4541.73424060842,21258.06031920198,4862.37478166667,593.0,600.0,0.10331257703760127,0.06594319760525424
E01030445,558,19794.937304103256,4795.775606123902,22224.49291690616,4877.331838278681,621.0,652.0,0.10931883224002577,0.016721485201130305
E01030446,515,21641.05473788354,5528.637565676409,24435.9128090308,7040.585071360601,451.0,566.0,0.1143750222465339,0.21474742373818181
E01030447,506,15977.67299121102,4298.83486189554,17323.63314607115,4375.804436651265,537.0,554.0,0.07769502756789694,0.01758981139811378
E01030448,619,23827.388741645183,5076.466789480869,21963.62970668517,4498.107486419878,636.0,659.0,0.08485660429763726,0.1285783643025652
E01030449,701,11962.525446368672,4353.893376630028,12053.48699027333,3653.409600260418,588.0,768.0,0.007546492063090098,0.19173425731395655
E01030450,1144,14528.807056213538,4103.624884991732,13561.82569855371,3369.111536643253,914.0,1179.0,0.07130170960410964,0.21801396016716515
E01030451,946,13348.773895955737,4087.156801926153,13061.80496478674,3381.730724449462,662.0,1019.0,0.021970082384680855,0.20859912717962872
E01030452,1333,12529.130572928307,3421.2437550274226,12565.20027142102,3071.550350641701,892.0,1175.0,0.0028706027531253545,0.11384915253388724
E01030453,752,14858.578266319879,4436.049846997907,14745.23070698433,3590.752116006867,679.0,859.0,0.0076870658444062046,0.23540965894662255
E01030454,737,18423.222034529183,4659.481495181973,19166.93763166047,4626.500340657257,660.0,737.0,0.03880200433807414,0.007128747886362487
E01030455,1015,14565.940916605816,4614.012219723344,15623.08409150719,4234.008563295967,745.0,1091.0,0.06766546020680024,0.08975032779139273
E01030456,549,28779.45860693376,6008.5593669229465,28625.94546566105,6853.677543130708,558.0,596.0,0.005362727371113735,0.12330871577913742
E01030457,830,12720.35635669034,4092.530137520013,11610.38516797676,3286.166795434669,633.0,874.0,0.09560158191608083,0.24538113622400118
E01030458,527,20531.433398937184,5657.381456504971,20391.89500402342,6302.169865092753,326.0,538.0,0.006842836081994015,0.1023121277893852
E01030459,585,11213.053082524506,3682.2908443919373,13561.50583111278,3612.912778866993,587.0,612.0,0.17317050022575353,0.01920280664696844
E01030460,622,20108.764428536775,4588.011286221607,18456.32461807031,4155.993718967418,615.0,623.0,0.08953244184102539,0.10395048608531739
E01030461,665,20554.424939846787,5120.376879952587,21286.29228148392,4741.780845277592,678.0,705.0,0.034382095855827036,0.0798425838368394
E01030462,718,12999.247342632307,3769.7202066070454,14500.58178927394,2852.267528823788,639.0,744.0,0.10353615244266737,0.3216573019577847
E01030463,616,13543.122435285659,4120.798207606182,13345.12466095818,3407.034386792455,633.0,636.0,0.01483671223444856,0.20949709917242668
E01030464,626,11342.122649806124,3656.9730121640255,11411.84667243401,3514.933495482981,615.0,658.0,0.006109793149982366,0.04041029990000623
E01030465,586,17064.24018429082,4449.830614886625,16563.40607059524,5162.262811214044,585.0,648.0,0.030237386655918665,0.1380077346662386
E01030466,742,17220.340301621938,4112.513308063866,16919.18847675892,4570.210079823133,546.0,709.0,0.01779942491193914,0.10014786273828792
E01030467,631,18747.724961887023,4548.523213565393,18139.87253561622,4217.300718654435,645.0,654.0,0.03350918949829062,0.07853897955293024
E01030468,553,12601.293228399483,4143.317345081355,14975.1959389643,3211.765617129284,420.0,461.0,0.15852231384753407,0.2900434960084987
E01030469,541,18142.041192640023,4264.9206631965,15802.05931811666,4018.793809081406,510.0,527.0,0.14808081829186862,0.06124396169788872
E01030470,497,15693.50962931116,4069.569128910293,16111.50832933826,3925.607957154691,508.0,501.0,0.025944107248229792,0.036672325236457345
E01030471,477,25292.139184039555,5730.171616782688,26774.64307263853,7319.492163238502,397.0,522.0,0.05536969753721836,0.2171353573459693
E01030472,507,21306.46554311815,6205.429981859788,19928.68788871467,6758.468223423049,279.0,603.0,0.06913539225950216,0.08182893272273993
E01030473,673,19627.629012958063,4932.414021981053,20967.50999051451,5543.766761087269,594.0,699.0,0.06390272274402618,0.11027750001991678
E01030474,530,10264.462323593894,3585.2077104377186,12852.65476084188,2957.350448347107,560.0,484.0,0.20137415074225903,0.21230397717711383
E01030475,467,18425.826822991003,4883.3147512370615,21224.34308992221,5824.213342441389,506.0,546.0,0.13185408165871604,0.16154947215754328
E01030476,470,18362.56561709696,4374.324527752165,18441.77961003696,4367.167872340427,462.0,470.0,0.004295355145491909,0.001638740625718763
E01030477,731,13339.85805174365,3941.7036380718173,14687.56904579998,4143.788451635872,773.0,814.0,0.09175861504744513,0.04876812991847498
E01030478,631,21670.959842556116,5099.20481693419,20296.6597652215,5886.576214421636,612.0,721.0,0.06771065255227328,0.133757105795802
E01030479,805,13093.978146432211,3966.0922886570015,13021.70055614595,4152.059790227579,699.0,805.0,0.005550549252351524,0.044789215706449156
E01030480,815,19482.210161200233,4866.364840459389,19485.96305235014,4509.283314250249,804.0,800.0,0.00019259459436643143,0.07918808851080394
E01030481,679,11668.237792551106,3818.3060060713037,13131.87849967346,3941.301646629878,639.0,656.0,0.11145707045330554,0.031206857933278303
E01030482,521,12660.831833856764,3887.6130072751757,13037.43654586831,3784.786001865673,545.0,536.0,0.0288864080516576,0.02716851239642486
E01030483,636,9742.985415470626,3313.837708803628,9450.982297770974,3268.408322153398,607.0,633.0,0.030896589211527988,0.013899544418091265
E01030484,681,12968.556450652077,3960.3587188787983,11832.28244155706,3942.221777155572,651.0,745.0,0.09603168405651162,0.004600690359006802
E01030485,759,11807.989447183605,3488.193759857225,10637.92243997142,3115.531388704269,781.0,820.0,0.10999018030209744,0.11961438504650856
E01030486,609,14571.173572170672,4235.238440973743,13914.33467451118,3816.252776105519,596.0,634.0,0.04720591483707198,0.10978980938883161
E01030487,660,14907.387110604926,4309.818738884731,13582.52402353525,3609.69266707559,555.0,680.0,0.09754174443380381,0.1939572524262436
E01030488,758,12686.939732743993,4144.635863490708,12764.90547108545,3603.338727773491,747.0,796.0,0.0061078194835099,0.15022099686189805
E01030489,947,11752.621485254605,4009.7996483264287,12280.02007683569,3711.751302355312,914.0,922.0,0.042947697827948855,0.08029857651884935
E01030490,691,19156.14735699416,5275.410306890341,18651.75656104489,6033.652656069899,396.0,701.0,0.02704253587582807,0.12566887628454393
E01030491,820,17525.65949588758,4622.12014041389,18692.98658865944,5583.934196391687,748.0,866.0,0.06244732949629621,0.172246667340621
E01030492,800,23445.77941843603,6084.690117930449,24730.02071812806,7199.825069256957,470.0,876.0,0.05193045789689264,0.15488361739344228
E01030493,495,11579.709200424142,3345.636314820106,11108.10694739452,3219.485239387333,520.0,529.0,0.0424556817163377,0.039183616650710074
E01030494,647,11281.505622312703,3635.773726290102,11998.52374697408,3606.001804906289,642.0,668.0,0.05975886198851779,0.008256213666700145
E01030495,664,15358.638329999312,3953.0180741027234,14309.26110154803,3544.807861496465,703.0,707.0,0.07333552871837358,0.1151572182628622
E01030496,622,10849.450710169702,3558.2045402903473,10961.46082660631,3343.986052343304,622.0,642.0,0.01021853913528845,0.06406081981021701
E01030497,602,11404.243154909347,3244.3913359697212,10034.84919202327,3178.279844733867,597.0,626.0,0.13646383086400662,0.020801029004854737
E01030498,504,15932.818667235244,4014.314789362861,15064.18650277157,3735.762836780944,513.0,509.0,0.05766206919330554,0.07456360715391175
E01030499,634,15643.265464758191,4285.678915390875,16720.27659750677,4162.782723091454,658.0,667.0,0.06441347584579891,0.029522605544051433
E01030500,610,13382.930233585384,4035.26333726955,13743.83185951493,3543.443408922978,602.0,618.0,0.02625917063149253,0.13879717314183368
E01030501,587,12407.303614806508,4200.082908101101,13525.42277813499,4569.682530015833,672.0,758.0,0.08266796400154068,0.08088080944070576
E01030502,527,15233.56996577426,3955.216965364283,15362.93566574161,3989.13878262649,544.0,521.0,0.008420636705250735,0.008503544025578453
E01030503,548,10908.99295341363,3936.9443225071927,10226.24302444445,3887.285584112436,499.0,603.0,0.06676449281883476,0.01277465658754656
E01030504,485,14746.506106845492,3973.9313238136806,15694.10534998745,3849.282460629925,501.0,508.0,0.0603793094292384,0.03238236332580205
