LSOA,n_sim,sim_gas_mean_kWh,sim_elec_mean_kWh,gas_mean_kWh,elec_mean_kWh,gas_meters,elec_meters,gas_ape,elec_ape,gas_nmbe_pct,elec_nmbe_pct,Q_H_kWh_m2,hp_share_pct,elec_heat_share_pct,gas_GWh,elec_GWh
E01030421,930,9262.623786268536,3895.5475951497647,13273.08459001211,3577.262460786233,1024.0,959.0,0.3021498715348664,0.08897449875499963,-30.21498715348664,8.897449875499964,53.395796001076825,0.4291845493562232,1.8240343347639485,8.456363693123436,3.631261566432566
E01030422,812,10181.055964978697,3942.4995581517023,10944.7703856573,3460.520000268108,702.0,809.0,0.06977893494041881,0.13927951806267622,-6.977893494041882,13.927951806267622,70.75995203510814,3.201970443349754,10.83743842364532,7.401751680106108,3.2013096412191824
E01030423,619,10711.623948529426,3732.3563324695015,12846.75992701106,3801.543298281658,835.0,845.0,0.1662003486180501,0.018199704799740063,-16.62003486180501,-1.8199704799740064,57.17329905604822,1.7297297297297298,3.2432432432432434,7.698459444347861,3.4766198415972944
E01030424,650,12605.31181568311,3836.0109002610675,11869.11226608922,3540.517385826771,591.0,635.0,0.062026504854727604,0.08346054608210714,6.202650485472761,8.346054608210713,81.57702623214352,0.30441400304414,7.15372907153729,7.22574633156057,2.5241656486882214
E01030425,825,10565.725253266723,3767.3074662811114,12314.76647044191,3423.142092746731,843.0,841.0,0.14202796466934733,0.10054077926348122,-14.202796466934736,10.054077926348123,64.15674773837411,0.36363636363636365,1.6969696969696972,8.568803180399312,3.1080286596819167
E01030426,622,10148.318423629598,3660.784369148034,11536.08125238638,3476.400363067293,591.0,639.0,0.12029759485871395,0.05303877195492398,-12.029759485871393,5.303877195492398,68.66181710791287,0.482315112540193,5.305466237942122,5.97978334848867,2.2770078776100773
E01030427,601,13561.062200957054,3837.9123633938675,13881.49522415547,3842.441482547655,616.0,619.0,0.023083466011703337,0.0011787086867448375,-2.3083466011703337,-0.11787086867448375,90.67679437561429,0.16638935108153077,0.6655574043261231,8.082393071770404,2.3065853303997144
E01030428,530,14317.34084860609,4061.088704993394,14651.66333988135,4075.41122827103,533.0,535.0,0.02281805713930407,0.0035143749858372107,-2.281805713930407,-0.3514374985837211,95.76544540300104,1.1214953271028036,6.5420560747663545,7.0374298775401245,2.171980617154261
E01030429,709,8675.668631749928,3337.354978710682,10203.2517937233,2926.44270696452,700.0,761.0,0.1497153253547159,0.14041357131928442,-14.97153253547159,14.04135713192844,64.2068095052527,0.0,8.732394366197182,5.6687762748916875,2.3697116728845713
E01030430,610,16996.783058536952,4196.863942205556,15395.73465339765,3854.942271565492,609.0,626.0,0.10399298514708874,0.08869696263991252,10.399298514708875,8.869696263991251,103.89941832105193,0.16393442622950818,4.2622950819672125,9.848745523143142,2.5600870047453888
E01030431,609,15718.972084529041,4087.4191886760573,14496.54529213392,3836.387479191377,649.0,638.0,0.08432538703262157,0.0654343991179931,8.432538703262157,6.54343991179931,105.39061627829172,0.8130081300813009,3.2520325203252036,9.213440350259273,2.5210691752925753
E01030432,541,11031.677935570044,3645.643196689828,10894.29561197825,3603.982429214725,632.0,652.0,0.012610482447414218,0.011559647776690343,1.2610482447414217,1.1559647776690343,69.84046566068933,0.8683068017366137,6.657018813314037,6.170918670038789,2.526859568012241
E01030433,697,10744.096812313323,3430.7478123817577,10664.4040180802,3444.5620201878,672.0,713.0,0.00747278461112433,0.004010439563892406,0.7472784611124329,-0.40104395638924056,80.0745669896084,0.28653295128939826,4.441260744985674,7.184117040211548,2.3958970976831093
E01030434,746,13813.173131667658,4603.683953819925,13873.42397088244,4510.005939035231,500.0,755.0,0.0043428961258040865,0.02077115109181725,-0.43428961258040866,2.077115109181725,73.01084999723432,0.13404825737265416,35.120643431635386,6.776573797541887,3.4343482295496637
E01030435,718,15275.329211009426,4208.479819357206,16883.63264058705,3924.766379130184,720.0,719.0,0.09525813927693359,0.07228798170909205,-9.52581392769336,7.228798170909204,86.15273954832774,0.2785515320334262,1.2534818941504178,10.774936258333282,3.021688510298474
E01030436,972,14587.745030110758,4623.85214928005,14214.03108196579,4025.806301985622,813.0,1036.0,0.026291904526585867,0.14855306053832187,2.6291904526585865,14.855306053832187,75.92262514823128,0.0,22.713257965056528,11.086686222884177,4.49965481820811
E01030437,896,18239.06816332491,4864.024951808492,18378.02895792617,4168.453613533839,928.0,990.0,0.00756124581800306,0.16686555801324524,-0.756124581800306,16.686555801324523,77.30637245846769,1.312910284463895,7.439824945295405,15.119281959763025,4.4233466682894065
E01030438,809,16854.56706528028,5444.841548938242,17454.86163107484,4529.460575373888,651.0,900.0,0.034391253192512135,0.20209492020775424,-3.4391253192512137,20.209492020775425,79.01641842777475,2.331288343558282,24.41717791411043,9.866018873927283,4.440489763973296
E01030439,647,23282.848017883276,5812.347728728781,20444.67884954853,5058.449245121293,591.0,681.0,0.13882190027149383,0.1490374711843947,13.882190027149383,14.90374711843947,94.75191388937175,1.8461538461538463,11.384615384615385,13.275197132684477,3.78549558969423
E01030440,648,21687.0449125029,5182.05101626646,24730.07350548494,6452.326132628951,503.0,670.0,0.12304971889012453,0.1968708788507762,-12.304971889012453,-19.68708788507762,94.47212128976199,7.951070336391437,10.244648318042813,11.740329538549686,3.403400488050839
E01030441,484,21413.839022902826,4964.473997470478,21854.19218104445,6440.579287922162,477.0,573.0,0.020149596676630823,0.2291882801939544,-2.0149596676630823,-22.91882801939544,96.92666150125045,5.075187969924812,6.7669172932330826,9.01065943635398,2.6196111578604904
E01030442,549,31321.149917455426,5966.680989186807,31132.57148724238,7517.985925198283,544.0,584.0,0.006057271250154245,0.20634581541472646,0.6057271250154245,-20.634581541472645,105.3089645367453,4.3399638336347195,4.520795660036167,16.355419287022613,3.316582773585181
E01030443,535,24525.403441801638,5053.649630095958,23614.92163800298,5387.652422143335,534.0,563.0,0.03855535994383485,0.061994123948052045,3.8555359943834846,-6.199412394805204,104.99441750343622,2.2263450834879404,3.896103896103896,12.49074478170537,2.730640049224187
E01030444,474,19061.83532480445,4541.73424060842,21258.06031920198,4862.37478166667,593.0,600.0,0.10331257703760127,0.06594319760525424,-10.331257703760128,-6.594319760525424,76.5678361271461,1.8633540372670807,2.639751552795031,9.38197198722936,2.7903907089994107
E01030445,558,19794.937304103256,4795.775606123902,22224.49291690616,4877.331838278681,621.0,652.0,0.10931883224002577,0.016721485201130305,-10.931883224002577,-1.6721485201130304,73.11427975736754,2.0344287949921753,6.729264475743349,10.065424262637817,2.990542068573112
E01030446,515,21641.05473788354,5528.637565676409,24435.9128090308,7040.585071360601,451.0,566.0,0.1143750222465339,0.21474742373818181,-11.43750222465339,-21.47474237381818,94.30687087888177,8.795411089866157,12.619502868068832,8.957237042417802,2.8958930100948383
E01030447,506,15977.67299121102,4298.83486189554,17323.63314607115,4375.804436651265,537.0,554.0,0.07769502756789694,0.01758981139811378,-7.769502756789695,-1.758981139811378,87.97858825718417,5.5762081784386615,8.921933085501859,7.679025764452256,2.3471055435072783
E01030448,619,23827.388741645183,5076.466789480869,21963.62970668517,4498.107486419878,636.0,659.0,0.08485660429763726,0.1285783643025652,8.485660429763726,12.85783643025652,106.92782399730537,3.349282296650718,6.0606060606060606,13.766495103184019,3.179921809984136
E01030449,701,11962.525446368672,4353.893376630028,12053.48699027333,3653.409600260418,588.0,768.0,0.007546492063090098,0.19173425731395655,-0.7546492063090099,19.173425731395653,80.53429665351284,0.42016806722689076,22.128851540616246,6.462179072520648,3.1131045819410637
E01030450,1144,14528.807056213538,4103.624884991732,13561.82569855371,3369.111536643253,914.0,1179.0,0.07130170960410964,0.21801396016716515,7.130170960410965,21.801396016716513,88.11615511667898,0.6065857885615251,27.123050259965336,12.209377387819254,4.735805254258891
E01030451,946,13348.773895955737,4087.156801926153,13061.80496478674,3381.730724449462,662.0,1019.0,0.021970082384680855,0.20859912717962872,2.1970082384680856,20.859912717962874,81.1370138801187,5.268595041322314,25.206611570247933,8.406059204104311,3.9549292098354307
E01030452,1333,12529.130572928307,3421.2437550274226,12565.20027142102,3071.550350641701,892.0,1175.0,0.0028706027531253545,0.11384915253388724,-0.2870602753125355,11.384915253388723,69.4608578773575,1.195814648729447,10.089686098654708,11.357762069833825,4.572651464060843
E01030453,752,14858.578266319879,4436.049846997907,14745.23070698433,3590.752116006867,679.0,859.0,0.0076870658444062046,0.23540965894662255,0.7687065844406205,23.540965894662254,87.59688160205035,0.5215123859191656,22.816166883963493,8.402090017611442,3.3866126535480494
E01030454,737,18423.222034529183,4659.481495181973,19166.93763166047,4626.500340657257,660.0,737.0,0.03880200433807414,0.007128747886362487,-3.8802004338074134,0.7128747886362488,94.75813771806239,1.8995929443690638,8.276797829036635,11.730586660595137,3.434037861949114
E01030455,1015,14565.940916605816,4614.012219723344,15623.08409150719,4234.008563295967,745.0,1091.0,0.06766546020680024,0.08975032779139273,-6.766546020680024,8.975032779139273,76.71735006649521,1.3461538461538463,32.40384615384615,9.50354834424508,4.777778750971989
E01030456,549,28779.45860693376,6008.5593669229465,28625.94546566105,6853.677543130708,558.0,596.0,0.005362727371113735,0.12330871577913742,0.5362727371113735,-12.330871577913742,95.50331432040156,4.3399638336347195,6.329113924050633,14.792641723963953,3.337212343104332
E01030457,830,12720.35635669034,4092.530137520013,11610.38516797676,3286.166795434669,633.0,874.0,0.09560158191608083,0.24538113622400118,9.560158191608082,24.538113622400118,88.96798898262826,5.294825511432009,24.90974729241877,7.609410093667913,3.4041919124500457
E01030458,527,20531.433398937184,5657.381456504971,20391.89500402342,6302.169865092753,326.0,538.0,0.006842836081994015,0.1023121277893852,0.6842836081994015,-10.23121277893852,102.69422781032394,5.827067669172932,15.789473684210526,5.846968399985261,3.0127048343880567
E01030459,585,11213.053082524506,3682.2908443919373,13561.50583111278,3612.912778866993,587.0,612.0,0.17317050022575353,0.01920280664696844,-17.317050022575355,1.9202806646968438,81.61741409710599,3.0456852791878175,7.2758037225042305,5.799757258437057,2.1764836971618204
E01030460,622,20108.764428536775,4588.011286221607,18456.32461807031,4155.993718967418,615.0,623.0,0.08953244184102539,0.10395048608531739,8.95324418410254,10.395048608531738,99.53374118417325,1.1254019292604502,3.215434083601286,11.887431944268515,2.8537430200298397
E01030461,665,20554.424939846787,5120.376879952587,21286.29228148392,4741.780845277592,678.0,705.0,0.034382095855827036,0.0798425838368394,-3.4382095855827033,7.98425838368394,98.8927022090583,2.848575712143928,5.547226386806597,12.912394573369166,3.4165224345637926
E01030462,718,12999.247342632307,3769.7202066070454,14500.58178927394,2852.267528823788,639.0,744.0,0.10353615244266737,0.3216573019577847,-10.353615244266736,32.16573019577847,74.48579791002867,2.4861878453038675,4.005524861878453,8.72763663740816,2.7500733273702247
E01030463,616,13543.122435285659,4120.798207606182,13345.12466095818,3407.034386792455,633.0,636.0,0.01483671223444856,0.20949709917242668,1.4836712234448561,20.94970991724267,77.59613612752027,0.8051529790660225,5.797101449275362,7.9036223645695225,2.569438701714558
E01030464,626,11342.122649806124,3656.9730121640255,11411.84667243401,3514.933495482981,615.0,658.0,0.006109793149982366,0.04041029990000623,-0.6109793149982365,4.041029990000623,92.43074636514369,0.3194888178913738,6.7092651757188495,6.669144624612592,2.28926510561468
E01030465,586,17064.24018429082,4449.830614886625,16563.40607059524,5162.262811214044,585.0,648.0,0.030237386655918665,0.1380077346662386,3.0237386655918663,-13.80077346662386,102.01705902269686,6.95364238410596,9.7682119205298,8.655969637539453,2.698241718491493
E01030466,742,17220.340301621938,4112.513308063866,16919.18847675892,4570.210079823133,546.0,709.0,0.01779942491193914,0.10014786273828792,1.779942491193914,-10.014786273828792,95.03380723110644,3.3602150537634405,5.10752688172043,9.097126061594848,3.0624388370051085
E01030467,631,18747.724961887023,4548.523213565393,18139.87253561622,4217.300718654435,645.0,654.0,0.03350918949829062,0.07853897955293024,3.350918949829062,7.853897955293023,101.51627891976132,1.7377567140600316,3.3175355450236967,11.417364501789198,2.8853085244624124
E01030468,553,12601.293228399483,4143.317345081355,14975.1959389643,3211.765617129284,420.0,461.0,0.15852231384753407,0.2900434960084987,-15.852231384753408,29.004349600849874,75.65301230740221,4.701627486437613,16.455696202531644,5.363709845473712,2.291254491829989
E01030469,541,18142.041192640023,4264.9206631965,15802.05931811666,4018.793809081406,510.0,527.0,0.14808081829186862,0.06124396169788872,14.808081829186861,6.124396169788872,106.94780859345546,0.5545286506469501,3.1423290203327174,9.422908899161815,2.3073220787893063
E01030470,497,15693.50962931116,4069.569128910293,16111.50832933826,3925.607957154691,508.0,501.0,0.025944107248229792,0.036672325236457345,-2.5944107248229793,3.6672325236457346,108.28468364753263,0.0,2.2132796780684103,7.642739189474535,2.0225758570684156
E01030471,477,25292.139184039555,5730.171616782688,26774.64307263853,7319.492163238502,397.0,522.0,0.05536969753721836,0.2171353573459693,-5.536969753721837,-21.71353573459693,110.5874083628989,6.666666666666667,10.0,8.928078330881096,2.757777653291373
E01030472,507,21306.46554311815,6205.429981859788,19928.68788871467,6758.468223423049,279.0,603.0,0.06913539225950216,0.08182893272273993,6.913539225950216,-8.182893272273992,108.30104888608452,9.84251968503937,21.8503937007874,5.203926372046544,3.1500735570598803
E01030473,673,19627.629012958063,4932.414021981053,20967.50999051451,5543.766761087269,594.0,699.0,0.06390272274402618,0.11027750001991678,-6.3902722744026175,-11.027750001991679,98.43587403544825,4.457652303120357,8.172362555720653,10.935362861382904,3.3195146367932487
E01030474,530,10264.462323593894,3585.2077104377186,12852.65476084188,2957.350448347107,560.0,484.0,0.20137415074225903,0.21230397717711383,-20.137415074225903,21.230397717711384,80.46077898898508,0.37735849056603776,1.8867924528301887,5.337445465997796,1.900160086531991
E01030475,467,18425.826822991003,4883.3147512370615,21224.34308992221,5824.213342441389,506.0,546.0,0.13185408165871604,0.16154947215754328,-13.185408165871603,-16.15494721575433,87.29115227216079,6.4338235294117645,7.904411764705882,8.052236878061894,2.639891422336795
E01030476,470,18362.56561709696,4374.324527752165,18441.77961003696,4367.167872340427,462.0,470.0,0.004295355145491909,0.001638740625718763,-0.4295355145491909,0.16387406257187628,97.16463514051821,1.4893617021276597,1.4893617021276597,8.363749210225786,2.0559325280435172
E01030477,731,13339.85805174365,3941.7036380718173,14687.56904579998,4143.788451635872,773.0,814.0,0.09175861504744513,0.04876812991847498,-9.175861504744512,-4.876812991847498,80.85362116824503,4.648074369189907,7.702523240371846,9.12778145025307,2.9882394999080084
E01030478,631,21670.959842556116,5099.20481693419,20296.6597652215,5886.576214421636,612.0,721.0,0.06771065255227328,0.133757105795802,6.771065255227327,-13.375710579580199,101.15563329579243,3.863298662704309,9.806835066864785,10.613299964252796,3.395733878008252
E01030479,805,13093.978146432211,3966.0922886570015,13021.70055614595,4152.059790227579,699.0,805.0,0.005550549252351524,0.044789215706449156,0.5550549252351524,-4.478921570644915,86.6027246523663,6.049382716049383,13.82716049382716,8.83645898159697,3.2119631526382055
E01030480,815,19482.210161200233,4866.364840459389,19485.96305235014,4509.283314250249,804.0,800.0,0.00019259459436643143,0.07918808851080394,-0.01925945943664314,7.918808851080395,99.40331411319426,2.941176470588235,6.372549019607843,14.486401582465378,3.975908944949466
E01030481,679,11668.237792551106,3818.3060060713037,13131.87849967346,3941.301646629878,639.0,656.0,0.11145707045330554,0.031206857933278303,-11.145707045330553,-3.12068579332783,79.93383902185252,0.5873715124816447,4.405286343612335,7.64147927167297,2.6007618574859253
E01030482,521,12660.831833856764,3887.6130072751757,13037.43654586831,3784.786001865673,545.0,536.0,0.0288864080516576,0.02716851239642486,-2.8886408051657604,2.716851239642486,86.69767029317173,0.0,4.528301886792453,6.254554601831712,2.053253364529024
E01030483,636,9742.985415470626,3313.837708803628,9450.982297770974,3268.408322153398,607.0,633.0,0.030896589211527988,0.013899544418091265,3.0896589211527985,1.3899544418091265,82.78285827828196,0.3144654088050315,4.716981132075472,5.884763190944258,2.1076007827991075
E01030484,681,12968.556450652077,3960.3587188787983,11832.28244155706,3942.221777155572,651.0,745.0,0.09603168405651162,0.004600690359006802,9.60316840565116,0.46006903590068016,87.40228273669871,2.7900146842878124,13.656387665198238,7.620893517018725,2.6970042875564615
E01030485,759,11807.989447183605,3488.193759857225,10637.92243997142,3115.531388704269,781.0,820.0,0.10999018030209744,0.11961438504650856,10.999018030209744,11.961438504650856,93.66275519066863,0.39370078740157477,6.824146981627297,8.332767967592329,2.659412201836241
E01030486,609,14571.173572170672,4235.238440973743,13914.33467451118,3816.252776105519,596.0,634.0,0.04720591483707198,0.10978980938883161,4.7205914837071985,10.978980938883161,95.7237475644194,0.0,5.409836065573771,8.38325091751775,2.583533403159778
E01030487,660,14907.387110604926,4309.818738884731,13582.52402353525,3609.69266707559,555.0,680.0,0.09754174443380381,0.1939572524262436,9.754174443380382,19.39572524262436,98.97785512340675,0.15037593984962408,20.30075187969925,7.913144836068575,2.865803127921443
E01030488,758,12686.939732743993,4144.635863490708,12764.90547108545,3603.338727773491,747.0,796.0,0.0061078194835099,0.15022099686189805,-0.61078194835099,15.022099686189806,77.18201546620973,0.13192612137203166,8.70712401055409,8.411931249747992,3.1416339845259573
E01030489,947,11752.621485254605,4009.7996483264287,12280.02007683569,3711.751302355312,914.0,922.0,0.042947697827948855,0.08029857651884935,-4.294769782794885,8.029857651884935,76.11320473902755,0.10537407797681769,5.47945205479452,10.536314024916454,3.8082801753364475
E01030490,691,19156.14735699416,5275.410306890341,18651.75656104489,6033.652656069899,396.0,701.0,0.02704253587582807,0.12566887628454393,2.704253587582807,-12.56688762845439,106.08663784770663,7.0100143061516444,11.731044349070102,8.015533829745857,3.69668552091437
E01030491,820,17525.65949588758,4622.12014041389,18692.98658865944,5583.934196391687,748.0,866.0,0.06244732949629621,0.172246667340621,-6.244732949629621,-17.224666734062097,101.33794526372093,3.8929440389294405,8.150851581508515,12.586317735502291,3.804066471344588
E01030492,800,23445.77941843603,6084.690117930449,24730.02071812806,7199.825069256957,470.0,876.0,0.05193045789689264,0.15488361739344228,-5.193045789689265,-15.488361739344228,111.30514639181473,11.648079306071871,17.843866171003718,9.404715012778812,4.906094598256103
E01030493,495,11579.709200424142,3345.636314820106,11108.10694739452,3219.485239387333,520.0,529.0,0.0424556817163377,0.039183616650710074,4.24556817163377,3.9183616650710076,96.24331326868062,0.9345794392523363,9.158878504672897,5.6316123978787775,1.918309369547361
E01030494,647,11281.505622312703,3635.773726290102,11998.52374697408,3606.001804906289,642.0,668.0,0.05975886198851779,0.008256213666700145,-5.9758861988517795,0.8256213666700145,91.82264245940988,0.7704160246533128,4.930662557781202,7.020041671666774,2.363169552808883
E01030495,664,15358.638329999312,3953.0180741027234,14309.26110154803,3544.807861496465,703.0,707.0,0.07333552871837358,0.1151572182628622,7.333552871837358,11.515721826286219,104.85759129204223,0.9036144578313252,2.86144578313253,9.829528531199559,2.6248040012042084
E01030496,622,10849.450710169702,3558.2045402903473,10961.46082660631,3343.986052343304,622.0,642.0,0.01021853913528845,0.06406081981021701,-1.021853913528845,6.406081981021701,91.18497220201603,0.8012820512820512,5.288461538461538,6.422874820420463,2.225630580920118
E01030497,602,11404.243154909347,3244.3913359697212,10034.84919202327,3178.279844733867,597.0,626.0,0.13646383086400662,0.020801029004854737,13.646383086400663,2.080102900485474,100.59021755472646,0.8305647840531563,4.152823920265781,6.564533781757242,1.9531235842537722
E01030498,504,15932.818667235244,4014.314789362861,15064.18650277157,3735.762836780944,513.0,509.0,0.05766206919330554,0.07456360715391175,5.766206919330554,7.456360715391175,110.53299616136343,0.3952569169960474,1.9762845849802373,7.886745240281446,2.0302994539067885
E01030499,634,15643.265464758191,4285.678915390875,16720.27659750677,4162.782723091454,658.0,667.0,0.06441347584579891,0.029522605544051433,-6.4413475845798915,2.9522605544051435,96.50810111111178,0.7716049382716049,3.0864197530864197,9.711352743485962,2.7767090711862292
E01030500,610,13382.930233585384,4035.26333726955,13743.83185951493,3543.443408922978,602.0,618.0,0.02625917063149253,0.13879717314183368,-2.625917063149253,13.879717314183369,90.93719642758231,0.16260162601626016,3.414634146341464,7.799706947621536,2.482423919426182
E01030501,587,12407.303614806508,4200.082908101101,13525.42277813499,4569.682530015833,672.0,758.0,0.08266796400154068,0.08088080944070576,-8.266796400154067,-8.088080944070576,68.52160639363753,2.2189349112426036,3.698224852071006,6.9902658770382775,2.789983646328224
E01030502,527,15233.56996577426,3955.216965364283,15362.93566574161,3989.13878262649,544.0,521.0,0.008420636705250735,0.008503544025578453,-0.8420636705250735,-0.8503544025578452,88.53978875728646,1.5180265654648957,2.846299810246679,7.571084272989808,2.084399340746977
E01030503,548,10908.99295341363,3936.9443225071927,10226.24302444445,3887.285584112436,499.0,603.0,0.06676449281883476,0.01277465658754656,6.6764492818834755,1.277465658754656,67.65284661590233,0.3616636528028933,11.934900542495479,5.262544758551005,2.177408131071354
E01030504,485,14746.506106845492,3973.9313238136806,15694.10534998745,3849.282460629925,501.0,508.0,0.0603793094292384,0.03238236332580205,-6.037930942923841,3.2382363325802053,99.27586133505132,0.408997955010225,2.044989775051125,6.8866183518968445,1.9428899507252786
