ward,dwellings,time_constant_h_mean,time_constant_h_p10,time_constant_h_p90,thermal_capacity_kWh_per_K_mean,heat_loss_kW_per_K_mean,tes_energy_kWh,standing_loss_per_h,heat_free_hours_at_5C_mean,heat_free_hours_p5_mean,heat_free_hours_p40_mean,heat_free_hours_lowest_mean,hp_capacity_kW_halloran,hp_capacity_kW_sized,time_constant_h_mean_fabric,tes_energy_kWh_fabric
Bellfields & Slyfield,2517,26.25,16.51,37.95,6.22,0.26,46943.1,0.04,5.45,3.86,5.33,3.49,25170.0,15945.0,29.46,46943.1
Burpham,2827,28.4,17.71,39.95,7.89,0.32,66924.19,0.03,5.9,4.18,5.77,3.78,28270.0,19270.0,31.49,66924.19
Castle,4148,29.38,15.32,48.25,9.32,0.38,115995.96,0.03,6.1,4.32,5.97,3.91,41480.0,31061.5,34.36,115995.96
Merrow,3781,26.51,16.67,38.64,8.72,0.36,98895.48,0.04,5.5,3.9,5.38,3.53,37810.0,31040.5,30.16,98895.48
Onslow,2500,24.36,14.95,40.72,7.6,0.36,57028.96,0.04,5.06,3.59,4.95,3.24,25000.0,20601.5,29.21,57028.96
St Nicolas,1368,27.73,14.55,45.66,8.52,0.37,34954.52,0.04,5.76,4.08,5.63,3.69,13680.0,10490.0,33.58,34954.52
Stoke,4018,34.47,14.9,59.41,5.38,0.22,64860.9,0.03,7.16,5.07,7.0,4.59,40180.0,18602.5,38.6,64860.9
Stoughton North,2298,28.74,16.13,42.75,6.8,0.26,46899.81,0.03,5.97,4.23,5.84,3.83,22980.0,14660.0,31.94,46899.81
Stoughton South,2437,23.13,14.69,36.17,6.51,0.32,47584.9,0.04,4.8,3.41,4.7,3.08,24370.0,18735.0,27.93,47584.9
Westborough,2769,22.85,15.54,30.77,5.88,0.28,48855.9,0.04,4.74,3.36,4.64,3.04,27690.0,18659.5,26.75,48855.9
