ward,scenario,n_dwellings,gas_GWh,elec_net_GWh,pv_GWh,pv_MWp,carbon_kt,carbon_saving_pct,bills_MGBP,bill_change_pct,capex_gross_MGBP,capex_net_MGBP,hp_dwellings,hp_MW,median_payback_yr,share_bills_fall_pct
Bellfields & Slyfield,U0_baseline,2517,27.36581348654893,9.42268122526835,0.0,0.0,7.076077286636614,0.0,3.0474733354849093,0.0,0.0,0.0,0,0.0,,0.0
Burpham,U0_baseline,2827,35.62600162187664,13.256024465632334,0.0,0.0,9.398092388456693,0.0,4.166857227616388,0.0,0.0,0.0,0,0.0,,0.0
Castle,U0_baseline,4148,62.33802858178987,20.63300074595542,0.0,0.0,16.100007140583987,0.0,6.806876206347593,0.0,0.0,0.0,0,0.0,,0.0
Merrow,U0_baseline,3781,57.08761792292261,16.36778011304051,0.0,0.0,14.13010232322748,0.0,5.703424575280305,0.0,0.0,0.0,0,0.0,,0.0
Onslow,U0_baseline,2500,37.67656081933725,10.489021613168866,0.0,0.0,9.19357847274074,0.0,3.6910883687560023,0.0,0.0,0.0,0,0.0,,0.0
St Nicolas,U0_baseline,1368,20.602059651375015,6.3436260879733,0.0,0.0,5.274238428812124,0.0,2.16561539110863,0.0,0.0,0.0,0,0.0,,0.0
Stoke,U0_baseline,4018,35.90040680194116,16.172511788777506,0.0,0.0,10.048333869053964,0.0,4.763473717640141,0.0,0.0,0.0,0,0.0,,0.0
Stoughton North,U0_baseline,2298,25.270069136241577,9.187946459019418,0.0,0.0,6.625799621420646,0.0,2.9119369214987856,0.0,0.0,0.0,0,0.0,,0.0
Stoughton South,U0_baseline,2437,32.519541977331265,9.649468992263332,0.0,0.0,8.03568156481149,0.0,3.2981755785561204,0.0,0.0,0.0,0,0.0,,0.0
Westborough,U0_baseline,2769,32.660936209517196,9.947038665132233,0.0,0.0,8.138557407363422,0.0,3.3673846142320736,0.0,0.0,0.0,0,0.0,,0.0
Bellfields & Slyfield,U1_electrification,2517,0.5002294725500204,18.469933664597292,0.0,0.0,4.013343045196205,43.28293936563519,3.769905942287801,23.705953334877638,22.90525,12.25525,2338,15.945,17.43883838579861,0.15891934843067143
Burpham,U1_electrification,2827,0.4551929850292172,24.953113535055135,0.0,0.0,5.381667744036209,42.73659460247167,5.084144960002391,22.013898779794005,25.2155,9.218,2209,19.27,34.09575051597937,0.17686593562079944
Castle,U1_electrification,4148,1.7033059966042865,40.91350526692982,0.0,0.0,8.99914209966525,44.10473224585895,8.375277115047531,23.041419605036474,39.622275,15.569775,3305,31.0615,46.215898945651055,0.2410800385728062
Merrow,U1_electrification,3781,0.9304658694439928,35.15807815705876,0.0,0.0,7.635538863735648,45.96260742440539,7.175238966530131,25.805800915277132,40.604425,16.739425,3555,31.0405,31.68543589899905,0.13224014810896587
Onslow,U1_electrification,2500,1.0379057393833266,22.640873342862513,0.0,0.0,4.997439452115446,45.64206454610664,4.638651423915807,25.671643713021155,26.443275,10.843275,2233,20.6015,43.738845877307526,0.36
St Nicolas,U1_electrification,1368,0.45472282017381666,13.158044525025435,0.0,0.0,2.8771346257416868,45.44928780571489,2.6897266742072903,24.201494191928276,13.4685,5.481,1138,10.49,9.836211194955862,0.14619883040935672
Stoke,U1_electrification,4018,2.6752278686580446,27.222877538926742,0.0,0.0,6.270228324263724,37.59932337067083,5.63592848301711,18.31551546397927,25.768125,8.458125,2489,18.6025,140.89542467710714,0.07466401194624192
Stoughton North,U1_electrification,2298,0.5712215392753489,17.517075609370337,0.0,0.0,3.8240256012712766,42.285824809604456,3.579386431812468,22.92115276900102,20.845,6.79,2096,14.66,38.131389094010906,0.08703220191470844
Stoughton South,U1_electrification,2437,0.4641691429842088,20.299922147666038,0.0,0.0,4.395299689842917,45.30271446929808,4.139915130838559,25.52136877597451,24.88075,9.83575,2239,18.735,45.919233669163255,0.08206811653672548
Westborough,U1_electrification,2769,0.6081971473387596,20.659249196638473,0.0,0.0,4.497975771428814,44.73251773884108,4.2187636699584985,25.283095139418176,26.484575,14.664575,2656,18.6595,54.97873715287511,0.1444564824846515
Bellfields & Slyfield,U2_envelope,2517,20.00735922563578,9.287381261604935,0.0,0.0,5.676721673513322,19.77586671878241,2.7134801763875513,-10.959674534583375,5.247566980350758,2.983907434304325,0,0.0,6.008944097246024,100.0
Burpham,U2_envelope,2827,25.377745573207154,12.808597129159647,0.0,0.0,7.40234655760736,21.235648133238495,3.6493762448423497,-12.418975609348127,6.846706009928796,5.869053564112254,0,0.0,13.780394346920072,100.0
Castle,U2_envelope,4148,37.83391012234124,19.324467586656688,0.0,0.0,11.224652116142057,30.281694795975657,5.514791687096184,-18.982048153696486,19.138493100864466,17.783228308046905,0,0.0,20.0740932469895,100.0
Merrow,U2_envelope,3781,39.72540152445333,16.03649158024193,0.0,0.0,10.800802762885242,23.561751246977426,4.908376963872785,-13.939828622498196,11.372409049494241,9.844465533519923,0,0.0,14.460119216001175,100.0
Onslow,U2_envelope,2500,24.002955302875524,10.215251078169484,0.0,0.0,6.606325489621921,28.141957898005753,3.068394102287391,-16.870207490547728,8.970817946958485,5.421820328977938,0,0.0,5.439770483697865,100.0
St Nicolas,U2_envelope,1368,11.771264336382801,5.978275666798403,0.0,0.0,3.498638879017304,33.66551538692429,1.7119147158265162,-20.950196288079283,7.756350024603737,7.279628343745898,0,0.0,18.55973318372619,100.0
Stoke,U2_envelope,4018,21.347082907451835,15.240239314165214,0.0,0.0,7.168635008165245,28.658471129799736,3.9745358089745313,-16.562239143757786,14.475599049921394,10.7817613107802,0,0.0,19.69558512865126,100.0
Stoughton North,U2_envelope,2298,18.40987992414499,8.995997485128003,0.0,0.0,5.312451011837048,19.82173752036891,2.588086127420307,-11.121490705636294,4.764182036703709,3.601428129592916,0,0.0,12.998239811700179,100.0
Stoughton South,U2_envelope,2437,21.160721953237946,9.369258733842477,0.0,0.0,5.88408671814171,26.775511564466225,2.7736274658571807,-15.904190065241375,7.71138266143909,5.424410234651859,0,0.0,8.965577303392928,100.0
Westborough,U2_envelope,2769,23.228781221534355,9.750687088535361,0.0,0.0,6.3491978538667855,21.986200550452573,2.936831088794108,-12.785991942181296,5.801276537267218,1.2584917518349719,0,0.0,1.927881764734222,100.0
Bellfields & Slyfield,U3_envelope_elec,2517,0.48832326821777344,15.983677560398046,0.0,0.0,3.483255546206084,50.77420150873255,3.2647077987577324,7.128346645180961,26.318941980350754,13.405282434304327,2338,13.7875,27.840053612810074,23.083035359555026
Burpham,U3_envelope_elec,2827,0.42746838732817677,21.241374331298697,0.0,0.0,4.588476121587681,51.17651612763963,4.329525193134092,3.903852631177296,30.218556009928797,13.243403564112253,2209,17.101,19.726686147874357,38.83975946232756
Castle,U3_envelope_elec,4148,1.359414829111847,31.82213493323288,0.0,0.0,7.005784330473462,56.485830911132474,6.515629399439861,-4.278714612675582,55.37351810086447,29.965753308046903,3305,27.0765,31.38430640108656,48.963355834136934
Merrow,U3_envelope_elec,3781,0.8824559829494599,29.25138101302969,0.0,0.0,6.372576368333617,54.90070614804969,5.974211040945956,4.747787265203618,48.899834049494245,23.506890533519925,3555,27.4205,45.54081778587088,28.960592435863532
Onslow,U3_envelope_elec,2500,0.9865611754265883,18.025093905408937,0.0,0.0,4.007966733826613,56.40471503332064,3.6995430709905053,0.22905716119043795,32.040867946958485,12.891870328977939,2233,16.633,32.914467599608976,44.72
St Nicolas,U3_envelope_elec,1368,0.4044282145660905,9.909858459989655,0.0,0.0,2.1782353185895285,58.70047689368272,2.02828282417511,-6.341503089485179,19.72077502460374,11.256553343745898,1138,8.7205,33.15067213413252,50.80409356725146
Stoke,U3_envelope_elec,4018,2.409869128233248,21.75285819640267,0.0,0.0,5.06017601036938,49.6416413276902,4.514634848127305,-5.223895087136365,36.71834904992139,15.7145113107802,2489,14.455,32.19190467696581,62.56844201095072
Stoughton North,U3_envelope_elec,2298,0.47664851554588006,15.164297043158601,0.0,0.0,3.3071381332812497,50.08695822026441,3.0978948888985776,6.38605754221071,23.99928203670371,8.781528129592916,2096,12.766,26.208597455690505,24.412532637075717
Stoughton South,U3_envelope_elec,2437,0.44699594277044163,16.41927819458162,0.0,0.0,3.5681771159333495,55.59583730198428,3.351440307153657,1.6149755320441495,29.343432661439092,12.01146023465186,2239,14.913,38.678610536897416,39.67993434550677
Westborough,U3_envelope_elec,2769,0.6062469944956855,17.45534380170563,0.0,0.0,3.817333348927986,53.09570040663195,3.5682909185205665,5.966241677275974,29.802151537267218,13.439366751834973,2656,15.7375,36.5134258684408,24.77428674611773
Bellfields & Slyfield,U4_elec_pv,2517,0.5002294725500204,15.107716987440854,7.4715926159031945,7.024604607142857,3.2994435781355778,53.37185499137102,2.7791727614190376,-8.804033523173727,35.24111737142857,24.59111737142857,2338,15.945,45.975470678205426,72.94398092967819
Burpham,U4_elec_pv,2827,0.4551929850292172,20.374895017543054,10.173818927804623,8.846046859985575,4.409574606212868,53.08011004840753,3.735096570175498,-10.361781886342081,40.650174975976924,24.65267497597692,2209,19.27,25.78694850750859,78.38698266713831
Castle,U4_elec_pv,4148,1.7033059966042865,36.557498014723286,9.680295330412228,8.91029912909359,8.074231079804237,49.849518641198785,7.091695460470099,4.184287263178144,55.36925360654974,31.31675360654974,3305,31.0615,25.228707232680005,51.85631629701061
Merrow,U4_elec_pv,3781,0.9304658694439928,28.730488724725173,14.28488675186215,12.431030714285715,6.270768799568256,55.62120743272905,5.281186733252101,-7.403233556524292,62.193074142857135,38.32807414285714,3555,31.0405,36.43932020506813,74.21317111875166
Onslow,U4_elec_pv,2500,1.0379057393833266,20.478928402144277,4.804322090484972,4.59669576096769,4.538393682852744,50.63517762632658,4.0015983147175,8.412422433173749,34.508488217548305,18.908488217548303,2233,20.6015,41.60916463540793,41.839999999999996
St Nicolas,U4_elec_pv,1368,0.45472282017381666,12.218335597636488,2.088242060864329,2.0249068928921123,2.677606229189192,49.23236282679301,2.41282577693668,11.415248840723136,17.09935102862738,9.111851028627381,1138,10.49,27.223891887435066,35.74561403508772
Stoke,U4_elec_pv,4018,2.6752278686580446,24.27231308782576,6.556809891335525,6.2409985286450365,5.64373497436145,43.834121677201,4.766495491426019,0.06343634845067392,37.22522264583206,19.91522264583206,2489,18.6025,22.73671823449572,56.91886510701841
Stoughton North,U4_elec_pv,2298,0.5712215392753489,14.577710713374643,6.53206388970277,6.313819093736033,3.199910252904511,51.70529693413194,2.713247722475103,-6.823265901014675,31.882110549977654,17.827110549977654,2096,14.66,33.62307144868279,70.19147084421236
Stoughton South,U4_elec_pv,2437,0.4641691429842088,17.653329879399735,5.8813161517028965,5.581034773291926,3.8333487535219333,52.295910152683355,3.3600526091227545,1.8760987428608322,34.696905637267086,19.651905637267085,2239,18.735,44.438339242403686,54.12392285597045
Westborough,U4_elec_pv,2769,0.6081971473387596,17.161296525672533,7.773544878872417,7.393114768529668,3.755255480802616,53.85846295800506,3.1880205514989273,-5.326509540225177,39.46155862964747,27.64155862964747,2656,18.6595,50.518484464193456,67.17226435536294
Bellfields & Slyfield,U5_envelope_elec_pv,2517,0.48832326821777344,12.621460883241605,7.4715926159031945,7.024604607142857,2.7693560791454574,60.86311713446841,2.2739746178889684,-25.381640212870405,38.65480935177933,25.741149805732896,2338,13.7875,31.175196282072427,88.91537544696067
Burpham,U5_envelope_elec_pv,2827,0.42746838732817677,16.66315581378662,10.173818927804623,8.846046859985575,3.6163829837643418,61.52003157357549,2.980476803307198,-28.47182803495881,45.65323098590572,28.678078540089174,2209,17.101,19.801736368201865,93.17297488503714
Castle,U5_envelope_elec_pv,4148,1.359414829111847,27.466127681026347,9.680295330412228,8.91029912909359,6.080873310612449,62.230617306472325,5.23204774486243,-23.13584695453391,71.1204967074142,45.71273191459664,3305,27.0765,24.05860555029167,85.36644165863066
Merrow,U5_envelope_elec_pv,3781,0.8824559829494599,22.823791580696106,14.28488675186215,12.431030714285715,5.007806304166227,64.55930615637335,4.0801588076679245,-28.46124720659785,70.48848319235138,45.095539676377065,3555,27.4205,24.243151941750867,91.88045490610949
Onslow,U5_envelope_elec_pv,2500,0.9865611754265883,15.863148964690701,4.804322090484972,4.59669576096769,3.5489209645639104,61.397828113540584,3.0624899617921977,-17.03016411865694,40.10608116450678,20.95708354652624,2233,16.633,22.056224980621884,74.44
St Nicolas,U5_envelope_elec_pv,1368,0.4044282145660905,8.970149532600708,2.088242060864329,2.0249068928921123,1.9787069220370335,62.48355191476085,1.7513819269044997,-19.12774844069032,23.351626053231115,14.887404372373279,1138,8.7205,27.78157814759993,81.7982456140351
Stoke,U5_envelope_elec_pv,4018,2.409869128233248,18.802293745301686,6.556809891335525,6.2409985286450365,4.433682660467109,55.87643963422033,3.645201856536215,-23.475974202664972,48.17544669575346,27.17160895661226,2489,14.455,23.209442643182747,87.50622200099552
Stoughton North,U5_envelope_elec_pv,2298,0.47664851554588006,12.224932147162907,6.53206388970277,6.313819093736033,2.6830227849144834,59.50643034479191,2.231756179561212,-23.358361127804983,35.03639258668136,19.818638679570572,2096,12.766,23.32259765117812,84.6823324630113
Stoughton South,U5_envelope_elec_pv,2437,0.44699594277044163,13.772685926315315,5.8813161517028965,5.581034773291926,3.006226179612365,62.58903298536958,2.571577785437853,-22.030294501069537,39.159588298706176,21.82761587191894,2239,14.913,26.285029336427364,82.23225276979893
Westborough,U5_envelope_elec_pv,2769,0.6062469944956855,13.957391130739696,7.773544878872417,7.393114768529668,3.0746130583017894,62.221645625795915,2.5375478000609943,-24.6433630023674,42.779135166914685,26.416350381482438,2656,15.7375,28.78545875401673,86.13217768147345
