ward,scenario,dwellings,elec_peak_MW,elec_peak_hour,elec_top50_hour,elec_p99_MW,elec_mean_MW,gas_peak_MW,heat_peak_MW,hp_elec_at_peak_MW
Bellfields & Slyfield,U0_baseline,2517,2.0783275609672303,18,18,1.8570980410800753,0.9208466994994186,17.47077333055797,14.942370157444458,0.014214859883834917
Burpham,U0_baseline,2827,3.6814182949000487,18,18,2.9857794485217717,1.2793420783395866,21.77194375073053,19.968350572453424,0.01592643225789638
Castle,U0_baseline,4148,5.506848721635702,18,18,4.716303792382371,2.0319160157978677,41.05307452043779,37.02854864879908,0.12677893933621578
Merrow,U0_baseline,3781,3.5641023138008996,18,18,3.263899104680743,1.6336698765743611,35.75570455726973,30.34314982514837,0.10139887303488948
Onslow,U0_baseline,2500,2.2731754479123056,18,18,2.080578183564197,1.0383142978495452,21.92610516414435,18.687304400608514,0.04843780426594166
St Nicolas,U0_baseline,1368,1.6262348983929018,18,18,1.3876203335106614,0.6241872431763017,13.061891088376292,11.591315424163556,0.04969928541916345
Stoke,U0_baseline,4018,4.612958458180598,7,18,3.72805314087979,1.5311567065814995,23.699655636696953,22.96771989897676,0.09050580918768207
Stoughton North,U0_baseline,2298,2.1419663053965214,18,18,1.8749470863846782,0.9037495529758076,16.41641718113026,14.046227717564168,0.005310109120703633
Stoughton South,U0_baseline,2437,2.195046899009767,18,18,1.9610122120029259,0.9457720936828761,18.287958774670177,15.688433373179297,0.006782036015682531
Westborough,U0_baseline,2769,2.115665054098556,18,18,1.9623826237294832,0.9783816981885425,19.899375788366715,16.877427544569105,0.02039924785241476
Bellfields & Slyfield,U1_electrification,2517,5.688523529074108,19,18,4.23448653580704,1.5277970270170167,0.015043722008505076,12.084154857589771,3.7800766316838814
Burpham,U1_electrification,2827,8.251984469742212,7,18,6.134683552230474,2.10144592442227,0.08481542012998394,16.3083250728305,5.237024492894589
Castle,U1_electrification,4148,14.33237539201763,8,7,10.36978882512759,3.484726579159642,0.605262651084141,29.615063609175817,9.756817470345805
Merrow,U1_electrification,3781,11.10745735042962,8,18,8.24774405957258,2.9552724795206435,0.1930453794771039,24.718860221281133,8.799517842654813
Onslow,U1_electrification,2500,7.244934500961269,19,7,5.366745790878178,1.8955391028097173,0.39137396484674014,16.45390090736867,5.142978042037199
St Nicolas,U1_electrification,1368,4.370913160109038,8,8,3.243388602089095,1.1107093336470222,0.15489768796068112,9.533434713916431,3.1993834512408945
Stoke,U1_electrification,4018,9.162287208997423,7,7,6.674750882735541,2.291406678517929,2.4758646259702575,18.837942010862992,4.928815020749911
Stoughton North,U1_electrification,2298,5.320437302090714,8,18,3.9926900021131138,1.4642027332106682,0.18550054757682027,10.889935272648767,3.7655434878704708
Stoughton South,U1_electrification,2437,6.49497759326027,19,18,4.791705403615275,1.6853166145022163,0.028170100423394052,14.079525690641253,4.420771433159367
Westborough,U1_electrification,2769,6.488319615773027,19,18,4.782618657889845,1.7036979295035055,0.011509060705819864,14.167143891887136,4.541073809946579
Bellfields & Slyfield,U3_envelope_elec,2517,4.62333791206937,18,18,3.4428845160649417,1.3231595114827284,0.01308431736300864,8.890461073084792,2.589022636486562
Burpham,U3_envelope_elec,2827,6.644563778647778,7,18,4.9409264231080146,1.788372716139717,0.0724664766499326,12.084386843342928,3.8716092267879345
Castle,U3_envelope_elec,4148,10.44603755976942,7,18,7.398296336391342,2.7117731226543422,0.46030626713321043,19.49612782042582,6.224463021900983
Merrow,U3_envelope_elec,3781,8.62414900752689,18,18,6.417722341876578,2.470736394940659,0.16970298945902862,17.613769276293684,5.2552810434053905
Onslow,U3_envelope_elec,2500,5.252275655982982,19,18,3.9631686474289136,1.51611884380212,0.3819855932231553,10.59959294595442,3.2553975238047794
St Nicolas,U3_envelope_elec,1368,3.031085252249904,18,18,2.2229696089731124,0.8385746570393566,0.13915684495009475,5.776151942286063,1.641793339836429
Stoke,U3_envelope_elec,4018,6.6874128125006616,7,7,4.939185152949827,1.8218464724837389,2.3127063627040143,12.401490941090579,2.553255381753259
Stoughton North,U3_envelope_elec,2298,4.35492821080421,18,18,3.2606161042103308,1.2686476347840978,0.11391877335808191,8.097839700010416,2.3113883174427454
Stoughton South,U3_envelope_elec,2437,4.807645736573702,19,18,3.581894010943364,1.3640889836382104,0.022285454002769392,9.214464194373612,2.8500210831847466
Westborough,U3_envelope_elec,2769,5.097091723474618,19,18,3.736198661419608,1.4391880125121261,0.011055005978415754,10.132275233005842,3.2360029040653253
