scenario,ward,dwellings,gas_GWh,electricity_GWh,net_electricity_GWh,carbon_kt,bills_MGBP,capex_gross_MGBP,incentives_MGBP
U0_baseline,Bellfields & Slyfield,2517,26.552115042005585,9.42841468222913,9.42841468222913,6.924225818549048,3.0144035694213867,0.0,0.0
U0_baseline,Burpham,2827,35.55507839124943,13.391808859162076,13.391808859162076,9.410767594576187,4.190644884538002,0.0,0.0
U0_baseline,Castle,4148,59.70424231860775,20.58053783395344,20.58053783395344,15.605778973156324,6.688668403152629,0.0,0.0
U0_baseline,Merrow,3781,56.24153768443835,16.301787000078864,16.301787000078864,13.953428472809192,5.654074462184193,0.0,0.0
U0_baseline,Onslow,2500,35.23028833384639,10.441788792599128,10.441788792599128,8.73060937071098,3.5798556388755114,0.0,0.0
U0_baseline,St Nicolas,1368,19.276725271295174,6.287762226736151,6.287762226736151,4.999832240086741,2.0958051338789083,0.0,0.0
U0_baseline,Stoke,4018,33.22203087863777,16.175726929646483,16.175726929646483,9.554098526194231,4.653586307318212,0.0,0.0
U0_baseline,Stoughton North,2298,25.164414827358872,9.20750281413693,9.20750281413693,6.6082966804973555,2.910966931112824,0.0,0.0
U0_baseline,Stoughton South,2437,30.490596948726438,9.641813063618745,9.641813063618745,7.659839954204195,3.213081254655974,0.0,0.0
U0_baseline,Westborough,2769,30.81453681183139,9.918998144629441,9.918998144629441,7.788428803470408,3.2847919780827697,0.0,0.0
U1_electrification,Bellfields & Slyfield,2517,0.4973519207345937,15.617303421260349,15.617303421260349,3.407117013237958,3.1907040232659694,22.90525,10.65
U1_electrification,Burpham,2827,0.4563014947710654,21.655187606345176,21.655187606345176,4.681622166237539,4.414711445373685,25.2155,15.9975
U1_electrification,Castle,4148,1.6645493040499175,34.393245336842,34.393245336842,7.607596632901446,7.0500753248449755,39.622275,24.0525
U1_electrification,Merrow,3781,0.9412630672806548,29.408885771771395,29.408885771771395,6.4167904593233445,6.0085955974281005,40.604425,23.865
U1_electrification,Onslow,2500,1.070739013355156,18.48151328345566,18.48151328345566,4.12029627316227,3.7956474960890607,26.443275,15.6
U1_electrification,St Nicolas,1368,0.45254925692312675,10.804681370766518,10.804681370766518,2.3770469173528945,2.2119048377994517,13.4685,7.9875
U1_electrification,Stoke,4018,3.1070870905181645,23.275192578572746,23.275192578572746,5.5111157117076575,4.852254664161513,25.768125,17.31
U1_electrification,Stoughton North,2298,0.5537862381035974,15.064835172548413,15.064835172548413,3.300147939558259,3.0808667757895756,20.845,14.055
U1_electrification,Stoughton South,2437,0.46128071293648565,16.716220217048832,16.716220217048832,3.6338432140674253,3.412305213291309,24.88075,15.045
U1_electrification,Westborough,2769,0.6085358105863126,17.042580493116258,17.042580493116258,3.7301105351703643,3.4845938083366397,26.484575,11.82
U2_envelope,Bellfields & Slyfield,2517,21.518164084421027,9.333775781063919,9.333775781063919,5.9668878940940795,2.785570004753365,5.247566980350758,2.263659546046433
U2_envelope,Burpham,2827,28.68035280296453,13.068889559594506,13.068889559594506,8.067540827486528,3.8389440937595327,6.846706009928796,0.977652445816542
U2_envelope,Castle,4148,43.969631896561935,19.71316201313459,19.71316201313459,12.46296826707163,5.852257816819862,19.138493100864466,1.3552647928175616
U2_envelope,Merrow,3781,44.69976590857118,16.085370868712836,16.085370868712836,11.742198990117737,5.126431777567582,11.372409049494241,1.5279435159743178
U2_envelope,Onslow,2500,26.29894963410875,10.256008121636793,10.256008121636793,7.040574527539097,3.1721052997534125,8.970817946958485,3.548997617980547
U2_envelope,St Nicolas,1368,13.627146587713968,6.05851746645598,6.05851746645598,3.869013618286437,1.80740227530355,7.756350024603737,0.4767216808578383
U2_envelope,Stoke,4018,24.011345870518916,15.5581352414408,15.5581352414408,7.726147583821165,4.148706226505446,14.475599049921394,3.6938377391411934
U2_envelope,Stoughton North,2298,20.49345729710917,9.07551395444936,9.07551395444936,5.713661681115089,2.6901519791352704,4.764182036703709,1.1627539071107935
U2_envelope,Stoughton South,2437,22.95062264704562,9.456817522014102,9.456817522014102,6.232182803958696,2.8651523750187398,7.71138266143909,2.2869724267872313
U2_envelope,Westborough,2769,24.411893874464166,9.785752466895785,9.785752466895785,6.575048993250022,2.9927776397883608,5.801276537267218,4.5427847854322465
U3_envelope_elec,Bellfields & Slyfield,2517,0.48966249721845384,14.36921186587889,14.36921186587889,3.1407013384725966,2.937026171159372,26.136616980350755,12.913659546046432
U3_envelope_elec,Burpham,2827,0.43619369180636935,19.76207891182824,19.76207891182824,4.275975451939744,4.029585960465194,29.988206009928795,16.97515244581654
U3_envelope_elec,Castle,4148,1.4420132279152145,29.923647607052864,29.923647607052864,6.617807239230485,6.133623006576256,55.020768100864466,25.407764792817563
U3_envelope_elec,Merrow,3781,0.9070632933488321,26.532697518434436,26.532697518434436,5.799825376898956,5.423327191269493,48.520309049494244,25.392943515974316
U3_envelope_elec,Onslow,2500,1.0336995296006635,16.261687538232277,16.261687538232277,3.642176520834517,3.3435042509747794,31.745917946958485,19.148997617980548
U3_envelope_elec,St Nicolas,1368,0.4191471245720359,9.253433621493489,9.253433621493489,2.041552548188326,1.8956320572706313,19.59922502460374,8.46422168085784
U3_envelope_elec,Stoke,4018,2.9047851068776738,20.60176857663139,20.60176857663139,4.906413962051857,4.301255210438156,36.48799904992139,21.003837739141197
U3_envelope_elec,Stoughton North,2298,0.4961794521529158,13.876842102264463,13.876842102264463,3.037350112030142,2.8373423042979558,23.81483203670371,15.217753907110794
U3_envelope_elec,Stoughton South,2437,0.449035187616643,14.816806728974209,14.816806728974209,3.2282978577269574,3.0262222086740467,29.092257661439092,17.331972426787235
U3_envelope_elec,Westborough,2769,0.6071338369894699,15.445694993737174,15.445694993737174,3.3907870516032057,3.160368571045215,29.55692653726722,16.362784785432247
U4_elec_pv,Bellfields & Slyfield,2517,0.4973519207345937,15.617303421260349,12.25508674410391,2.6932175461773316,2.1999708423972058,35.24111737142857,10.65
U4_elec_pv,Burpham,2827,0.4563014947710654,21.655187606345176,17.076969088833096,3.7095290284142,3.0656630555467927,40.650174975976924,15.9975
U4_elec_pv,Castle,4148,1.6645493040499175,34.393245336842,30.037238084635472,6.682685613040432,5.766493670267543,55.36925360654974,24.0525
U4_elec_pv,Merrow,3781,0.9412630672806548,29.408885771771395,22.981296339437804,5.052020395155953,4.114543364150068,62.193074142857135,23.865
U4_elec_pv,Onslow,2500,1.070739013355156,18.48151328345566,16.319568342737423,3.661250503899567,3.158594386890753,34.508488217548305,15.6
U4_elec_pv,St Nicolas,1368,0.45254925692312675,10.804681370766518,9.86497244337757,2.1775185208003998,1.9350039405288415,17.09935102862738,7.9875
U4_elec_pv,Stoke,4018,3.1070870905181645,23.275192578572746,20.324628127471758,4.884622361805385,3.9828216725704215,37.22522264583206,17.31
U4_elec_pv,Stoughton North,2298,0.5537862381035974,15.064835172548413,12.125470276552718,2.6760325911914933,2.21472806645221,31.882110549977654,14.055
U4_elec_pv,Stoughton South,2437,0.46128071293648565,16.716220217048832,14.069627948782529,3.071892277746441,2.632442691575505,34.696905637267086,15.045
U4_elec_pv,Westborough,2769,0.6085358105863126,17.042580493116258,13.544627822150323,2.987390244544167,2.4538506898770676,39.46155862964747,11.82
U5_envelope_elec_pv,Bellfields & Slyfield,2517,0.48966249721845384,14.36921186587889,11.006995188722454,2.4268018714119703,1.9462929902906079,38.47248435177933,12.913659546046432
U5_envelope_elec_pv,Burpham,2827,0.43619369180636935,19.76207891182824,15.18386039431616,3.303882314116404,2.680537570638301,45.42288098590572,16.97515244581654
U5_envelope_elec_pv,Castle,4148,1.4420132279152145,29.923647607052864,25.567640354846336,5.692896219369473,4.850041351998826,70.7677467074142,25.407764792817563
U5_envelope_elec_pv,Merrow,3781,0.9070632933488321,26.532697518434436,20.105108086100845,4.435055312731564,3.5292749579914604,70.1089581923514,25.392943515974316
U5_envelope_elec_pv,Onslow,2500,1.0336995296006635,16.261687538232277,14.09974259751404,3.1831307515718135,2.7064511417764723,39.81113116450678,19.148997617980548
U5_envelope_elec_pv,St Nicolas,1368,0.4191471245720359,9.253433621493489,8.31372469410454,1.8420241516358309,1.6187311600000216,23.230076053231116,8.46422168085784
U5_envelope_elec_pv,Stoke,4018,2.9047851068776738,20.60176857663139,17.651204125530402,4.279920612149585,3.431822218847066,47.945096695753456,21.003837739141197
U5_envelope_elec_pv,Stoughton North,2298,0.4961794521529158,13.876842102264463,10.937477206268769,2.4132347636633757,1.9712035949605906,34.85194258668136,15.217753907110794
U5_envelope_elec_pv,Stoughton South,2437,0.449035187616643,14.816806728974209,12.170214460707905,2.666346921405973,2.2463596869582427,38.90841329870617,17.331972426787235
U5_envelope_elec_pv,Westborough,2769,0.6071338369894699,15.445694993737174,11.94774232277124,2.6480667609770085,2.1296254525856426,42.53391016691469,16.362784785432247
