scenario,scope,dwellings,Q_H_GWh,delivered_gas_GWh,delivered_elec_GWh,delivered_other_GWh,elec_net_GWh,carbon_kt,bills_MGBP
U0_baseline,borough,57300,565.5815694381603,719.6876335450295,246.7614594537995,41.846387070577144,246.7614594537995,194.33764441349328,81.84466687125918
U0_baseline,planning_wards,28663,262.65233698462066,352.2515665079971,121.37614034679038,3.8408791629368757,121.37614034679038,91.23530643425467,39.285878563220415
U1_electrification,borough,57300,607.9401944643864,15.506799999153577,421.5276817773676,0.0,421.5276817773676,92.34319815963343,86.20589820077092
U1_electrification,planning_wards,28663,282.2485670361476,9.813443909259073,202.45964525172735,0.0,202.45964525172735,44.78568686271915,41.50165918638028
U2_envelope,borough,57300,414.71427001947416,555.836162549177,241.35787277386672,29.96010642770461,241.35787277386672,160.289811773698,73.40409045890125
U2_envelope,planning_wards,28663,191.617907512355,270.66133060347926,118.39194299539865,2.7835537417689133,118.39194299539865,75.3962251867405,35.27949948840512
U3_envelope_elec,borough,57300,445.6076275022986,14.544989927530239,376.3995040145668,0.0,376.3995040145668,82.5849670425394,77.0054439019858
U3_envelope_elec,planning_wards,28663,205.8337050781012,9.184912948098273,180.84386946452742,0.0,180.84386946452742,40.08088745897678,37.08788693217111
U4_elec_pv,borough,57300,607.9401944643864,15.506799999153577,421.5276817773676,0.0,387.6675217437228,85.15367037968963,76.22835139464705
U4_elec_pv,planning_wards,28663,282.2485670361476,9.813443909259073,202.45964525172735,0.0,168.5994852180826,37.59615908277537,31.524112380256412
U5_envelope_elec_pv,borough,57300,445.6076275022986,14.544989927530239,376.3995040145668,0.0,342.53934398092207,75.39543926259563,67.02789709586195
U5_envelope_elec_pv,planning_wards,28663,205.8337050781012,9.184912948098273,180.84386946452742,0.0,146.9837094308827,32.891359679033,27.11034012604723
