LSOA,Q_H_kWh,dhw_useful_kWh,delivered_gas_kWh,delivered_elec_kWh,delivered_other_kWh,total_delivered_kWh,floor_area_final,dwellings
E01030421,6160004.278230094,1641925.3218039887,9186475.75721871,3615790.8541786694,102949.57757511474,12905216.188972494,96304.0,932
E01030422,5198064.045845039,1380586.3441360716,7394861.512635136,3176950.5864587086,62826.92011739705,10634639.019211242,73219.3,812
E01030423,5631141.945478342,1607158.2354425306,8294579.34918989,3470788.169403957,191384.50441702685,11956752.023010874,88804.1,925
E01030424,5020010.939363639,1099456.5503836088,7084541.402434593,2560238.1818823908,9782.981445208901,9654562.565762194,59515.1,657
E01030425,5980584.267042443,1447094.4173710467,8967730.641069826,3109172.373960133,15597.298021774064,12092500.313051734,84267.5,825
E01030426,3966510.8451950382,1052818.3636672122,5929569.224961451,2270605.715290298,7118.984524428865,8207293.924776178,57097.9,622
E01030427,5366798.387530015,1064023.9257017386,7785146.517583471,2298136.7977451473,6398.019321124436,10089681.334649742,62437.0,601
E01030428,5055576.748516264,919251.9815029255,6847296.123206358,2174905.2085500914,125352.27854193916,9147553.61029839,55224.0,535
E01030429,3640833.2695397874,1126974.4332382474,5542235.918863203,2377892.671582246,0.0,7920128.59044545,53114.5,710
E01030430,6931718.483776785,1088798.385417607,9459710.146581272,2550713.0219994937,127999.21630041022,12138422.384881176,70659.3,610
E01030431,6520685.017518149,1085632.2181674258,8823245.346117599,2494714.0362401535,220578.81071443067,11538538.193072183,66130.8,615
E01030432,4173905.8796630446,1180871.8629877581,6266050.063856289,2533676.145540999,8603.782835586264,8808329.992232874,58678.5,691
E01030433,4547164.538536716,1148207.619070174,6773348.451897071,2384171.602194554,28882.74921588147,9186402.803307507,58134.6,698
E01030434,5457200.375270865,1205882.1009808586,6738676.563546539,3528319.425490473,22129.698996187995,10289125.6880332,65105.7,746
E01030435,7848696.04858847,1306463.0319900566,11024197.56007415,3024187.8115051533,33406.026945399695,14081791.398524703,89713.2,718
E01030436,8855870.834673064,1632297.5528058908,11447383.517065594,4542178.390351109,59524.21517135644,16049086.122588059,102800.4,973
E01030437,11273355.297461703,1677848.780849441,15115495.459557949,4442216.954787817,133004.50819260895,19690716.922538374,138459.5,914
E01030438,7914338.208065006,1407937.631488975,9391933.15511843,4438863.707288799,123595.15847169398,13954392.020878922,95109.2,815
E01030439,10758511.891667979,1216135.3628628869,13462195.606217884,3703110.4493912444,191705.89227593894,17357011.947885066,114357.1,650
E01030440,10077191.78816751,1192074.270642496,11511606.551005008,3394077.30351714,1118756.9343505278,16024440.788872676,110182.9,654
E01030441,7564116.259007125,982346.3643102652,8884228.500346038,2606555.1409341083,928622.3635737133,12419406.00485386,83146.1,532
E01030442,12450284.62373289,1080700.061773074,15602971.439409409,3269266.4204439363,187941.10947251943,19060178.969325863,131036.3,553
E01030443,9247221.395841293,1017344.5928482609,12005719.654065939,2713633.7471226077,153292.3622756621,14872645.763464207,93333.0,539
E01030444,6984430.547212741,1171262.1282312297,9562846.22514053,2788112.568740883,202888.44635132383,12553847.240232738,85862.9,644
E01030445,7957425.905316035,1145722.7025333291,10348918.545867775,3003237.092803234,284798.93507868936,13636954.573749697,96022.1,639
E01030446,8323241.431106124,970090.0050209956,9044303.635405058,2850208.0184475575,1169048.0358709018,13063559.689723518,89048.9,523
E01030447,5773069.779109634,963152.4128417489,7687592.3020661445,2331389.7452081484,112732.77793596643,10131714.825210258,64500.3,538
E01030448,10418306.546295634,1162107.8396263663,12950269.099889776,3179552.468517712,466564.6426732975,16596386.211080786,107026.6,627
E01030449,4541276.1045205,1151764.6756182746,5879028.82709379,3094032.505559169,71342.46540389128,9044403.79805685,59634.5,714
E01030450,8032405.206803433,1898865.86052172,10729302.795215005,4786506.580270804,29365.010494028546,15545174.385979837,92929.7,1154
E01030451,5640787.556964781,1539226.0797456787,7413590.262929518,3914715.2276642127,7858.848565397099,11336164.339159127,70618.4,968
E01030452,7291813.463410256,2116124.2415773002,10845612.320086543,4568577.768458201,55676.90713295276,15469866.995677697,96765.8,1338
E01030453,6192413.753218989,1218135.4789685258,7768235.925830399,3367455.9217732,163049.21254611312,11298741.060149712,71014.6,767
E01030454,9053044.63675635,1291244.9171735744,11242602.148432855,3425425.557137289,680259.4422501434,15348287.147820286,106591.0,737
E01030455,7172739.345732835,1640750.8671902667,8778615.575318318,4798113.221793456,35251.137048592325,13611979.934160367,88264.7,1040
E01030456,11842672.79282721,1070219.1974332538,14822462.53501589,3366279.9950123965,191876.29881489504,18380618.828843184,130967.4,553
E01030457,5401182.956253329,1287098.0133603818,6807210.214570551,3343438.8814373706,44591.938609968056,10195241.03461789,61568.4,831
E01030458,7450890.038032676,951754.974396947,5552803.7521826755,2922443.006119355,3360330.9163160366,11835577.674618067,76328.5,532
E01030459,4156995.684060025,987214.2006048465,5445023.672923812,2169853.443209529,503193.1244992463,8118070.240632587,52778.0,591
E01030460,8775358.899034807,1136027.494843149,11608996.817542167,2840952.844795407,233104.8871525203,14683054.549490094,90726.4,622
E01030461,9914991.719223924,1236696.9103817265,12728591.499290012,3375992.0187625303,163236.1589608484,16267819.67701339,108025.0,667
E01030462,6583844.456073722,1211306.1739780328,9035365.640851835,2766623.3212540746,152830.43959517777,11954819.401701087,78072.2,724
E01030463,6048859.153981166,1077315.2679606269,8293545.45004793,2555681.049221101,87293.9676913888,10936520.466960419,72658.4,621
E01030464,4655695.191611207,1041182.717048489,6619999.5772865685,2290101.7917649145,27333.07575990811,8937434.44481139,51777.2,626
E01030465,6904554.569203993,1072982.4042984073,8197119.622822431,2679112.711936656,868245.659830256,11744477.994589344,73627.6,604
E01030466,7941008.948717742,1291281.5285810751,8384127.848708714,3042097.98796136,2326238.7465404547,13752464.583210528,86128.5,744
E01030467,8225522.107264383,1164517.5754520742,11060662.009985302,2874489.1789686442,53113.886134154236,13988265.0750881,84932.1,633
E01030468,3703502.8240290945,920251.0712048343,5122600.046601489,2241398.9265315724,0.0,7363998.973133062,49577.9,553
E01030469,6542727.83277534,974308.1774208293,8884293.719308127,2294988.5078539667,143334.551261515,11322616.778423607,67596.2,541
E01030470,5218702.205942823,888085.9302317328,7285159.521585427,2018231.2115577827,11498.375457525328,9314889.108600736,52569.6,497
E01030471,8311659.215346147,890642.4548658694,8403722.436322903,2699661.3724199585,1736093.6039891343,12839477.412731996,86157.9,480
E01030472,7378640.051607466,904773.6133628682,4679186.465445222,3067912.388297597,3556432.960539506,11303531.814282324,74737.7,508
E01030473,9521047.136451654,1231053.8617043756,10794137.81768559,3281948.226799244,1628243.0565748655,15704329.1010597,100115.9,673
E01030474,3307059.4270076035,912785.6049365796,5046099.181220358,1886673.9548573538,0.0,6932773.136077712,44856.5,530
E01030475,6703942.283088372,1002248.7813626387,8171236.908295419,2616770.7612684374,563817.8377850713,11351825.507348929,77857.2,544
E01030476,6201462.096260248,867228.1345489682,8353268.739049992,2047214.2859004324,151565.9581017943,10552048.983052218,65010.0,470
E01030477,6519796.051666355,1306751.4069996772,8986800.777808504,2997273.3563606553,96666.49891143836,12080740.633080598,78020.7,753
E01030478,9580539.999725083,1208915.4812883437,9955686.585340785,3349595.981082499,2246453.811361782,15551736.377785066,98384.5,673
E01030479,6143399.228378485,1368530.7898779903,8272946.421332934,3192191.962398342,177722.70990739114,11642861.093638666,74035.9,810
E01030480,11097601.738570353,1471610.3959955222,13787457.010002237,3937223.6455870382,683307.5811547075,18407988.236743983,118384.5,816
E01030481,5329406.013217528,1187910.553227612,7723124.70113516,2612469.023321216,11302.809366872214,10346896.533823248,65299.6,681
E01030482,4299921.9010637,927210.6156787835,6112498.933500828,2051647.4562056065,95710.54491555887,8259856.934621993,50910.8,530
E01030483,3691491.6424792404,1025563.5426611179,5562027.420425186,2103119.4912515865,17788.59075027586,7682935.502427048,47825.7,636
E01030484,5194917.307547409,1145909.101192375,7124212.7096445495,2680080.088153956,98843.14595782498,9903135.94375633,62162.8,681
E01030485,5327229.820022607,1237969.5555435924,7704684.84118333,2637383.596241357,7222.483015156816,10349290.920439843,60007.5,762
E01030486,5970794.4863644885,1089620.844334045,8233002.089638885,2580763.265874337,58486.1321780773,10872251.4876913,63732.6,610
E01030487,5574465.10832667,1116863.0950938433,7364475.556493517,2869854.6816844265,22599.99263253082,10256930.230810475,58194.6,665
E01030488,6105653.199717495,1304610.7540200995,8445670.02308147,3149646.894227884,128040.78774223733,11723357.705051592,77183.3,758
E01030489,7171052.345307114,1660396.5123754484,10382922.894090986,3802608.2826993903,28877.71471484446,14214408.89150522,97111.3,949
E01030490,9964281.163567359,1266498.5702632854,7453360.675155974,3572670.2248443435,5108311.634109135,16134342.534109453,103187.6,699
E01030491,9787445.68373683,1448410.7215771046,11584329.63874987,3745771.2155776336,1167864.265910573,16497965.120238075,105605.8,822
E01030492,13106757.87332971,1488571.5886744664,8786388.372088365,4789253.526851515,6396193.346336848,19971835.24527673,131460.6,807
E01030493,3639382.211795799,884454.6020567317,5172080.850378446,1958874.90879037,17847.517369792557,7148803.276538609,42334.6,535
E01030494,4775885.51690327,1086351.8581744246,6865702.56528127,2350321.188934195,18389.394148015966,9234413.148363482,54649.0,649
E01030495,6745263.474381768,1174055.3930305482,9292611.00277611,2632804.818636635,121817.79332216235,12047233.614734907,67735.7,664
E01030496,4168319.2776709665,1037598.1051688653,6061750.584351397,2225587.327622878,7649.718097966059,8294987.630072242,49246.2,624
E01030497,4059396.312223374,972804.9565982809,5993829.27743944,1949915.5734269095,16223.585345458685,7959968.436211809,44581.1,602
E01030498,5423979.504311923,910324.272181919,7585720.226861308,2028054.3249450375,15057.14325162946,9628831.695057975,52406.1,506
E01030499,6959266.232523588,1163382.1473631402,9540861.034781745,2753055.0395913906,63206.47466106473,12357122.549034199,75490.0,648
E01030500,5466311.018318507,1083495.7938738095,7537509.9433522755,2461651.241767717,215259.71485432071,10214420.899974314,63689.8,615
E01030501,5848933.211649494,1187458.1240414358,7312811.789075025,2747289.56881119,989167.601782163,11049268.959668377,77355.5,676
E01030502,5192988.109540449,923977.3802216267,7092873.655072164,2083117.179328037,195444.57695532645,9371435.411355527,59333.2,527
E01030503,3697584.9964244254,921904.8555213131,5118233.2114891475,2192258.944886309,126781.7243600582,7437273.880735515,52602.1,553
E01030504,4917037.601272608,868646.2112643707,6720380.543806872,1931411.6247131445,236539.5462627904,8888331.714782808,52367.1,489
