LSOA,n_sim,sim_gas_mean_kWh,sim_elec_mean_kWh,gas_mean_kWh,elec_mean_kWh,gas_meters,elec_meters,gas_ape,elec_ape,lsoa_name,gas_error_pct,elec_error_pct,joint_absolute_error_pct
E01030483,636,9409.376876001092,3311.4104635062945,9450.982297770974,3268.408322153398,607.0,633.0,0.0044022325361558,0.0131569060883324,Guildford 007C,-0.44022325361560144,1.3156906088332532,0.8779569312244273
E01030432,541,10694.528628096818,3650.357384599472,10894.29561197825,3603.982429214725,632.0,652.0,0.0183368426006165,0.0128676974140664,Guildford 010C,-1.833684260061652,1.286769741406646,1.560227000734149
E01030476,470,17909.13403817464,4354.640679502712,18441.77961003696,4367.167872340427,462.0,470.0,0.0288825472988748,0.0028684935417883,Guildford 001E,-2.888254729887485,-0.28684935417884194,1.5875520420331635
E01030433,697,10338.725982722332,3435.8144930584417,10664.4040180802,3444.5620201878,672.0,713.0,0.030538793804672,0.0025395179642842,Guildford 010D,-3.053879380467217,-0.253951796428431,1.653915588447824
E01030484,681,12209.627556600735,3954.281098564143,11832.28244155706,3942.221777155572,651.0,745.0,0.0318911517627717,0.0030590164861988,Guildford 007D,3.1891151762771797,0.30590164861987734,1.7475084124485285
E01030427,601,13299.197054878774,3829.7592504390273,13881.49522415547,3842.441482547655,616.0,619.0,0.0419477988411094,0.0033005661026278,Guildford 004B,-4.194779884110944,-0.33005661026278554,2.262418247186865
E01030434,746,13688.199937383171,4666.459512017559,13873.42397088244,4510.005939035231,500.0,755.0,0.0133509964006013,0.0346903252672426,Guildford 008A,-1.3350996400601445,3.4690325267242583,2.402066083392201
E01030502,527,14574.618797733076,3949.466320560652,15362.93566574161,3989.13878262649,544.0,521.0,0.0513129056295165,0.0099451195427493,Guildford 005D,-5.131290562951662,-0.9945119542749348,3.0629012586132984
E01030464,626,11121.454022047945,3644.6254810079863,11411.84667243401,3514.933495482981,615.0,658.0,0.0254465958684432,0.0368974222959473,Guildford 008E,-2.544659586844311,3.689742229594728,3.1172009082195196
E01030428,530,13743.157572043738,4063.519429531652,14651.66333988135,4075.41122827103,533.0,535.0,0.0620070054001779,0.0029179383559834,Guildford 004C,-6.200700540017801,-0.2917938355983529,3.246247187808077
E01030493,495,10721.207718632864,3330.566917505289,11108.10694739452,3219.485239387333,520.0,529.0,0.0348303478345971,0.0345029313254732,Guildford 009B,-3.4830347834597153,3.450293132547322,3.466663958003519
E01030497,602,10561.330305791986,3240.081946405977,10034.84919202327,3178.279844733867,597.0,626.0,0.0524652741355811,0.0194451416147356,Guildford 012D,5.246527413558111,1.944514161473565,3.595520787515838
E01030503,548,10724.330447269196,3991.994891968497,10226.24302444445,3887.285584112436,499.0,603.0,0.0487067852420616,0.026936355868479,Guildford 005E,4.870678524206173,2.693635586847898,3.7821570555270356
E01030498,504,14999.10288894926,4002.451982432691,15064.18650277157,3735.762836780944,513.0,509.0,0.0043204200778007,0.0713881360524345,Guildford 009D,-0.43204200778007573,7.138813605243466,3.7854278065117706
E01030482,521,12388.762873658448,3893.4717265820304,13037.43654586831,3784.786001865673,545.0,536.0,0.0497546944852001,0.0287164782005592,Guildford 007B,-4.97546944852002,2.8716478200559337,3.9235586342879767
E01030454,737,17608.47365188513,4629.223448918778,19166.93763166047,4626.500340657257,660.0,737.0,0.081310014657794,0.0005885892274967,Guildford 016C,-8.13100146577941,0.05885892274968274,4.0949301942645455
E01030431,609,14880.388397425986,4049.403122799528,14496.54529213392,3836.387479191377,649.0,638.0,0.0264782468896465,0.0555250596462297,Guildford 010B,2.6478246889646506,5.552505964622978,4.100165326793814
E01030443,535,23109.65279262296,5019.099296165698,23614.92163800298,5387.652422143335,534.0,563.0,0.0213961686227618,0.0684069975380886,Guildford 003C,-2.1396168622761835,-6.840699753808865,4.490158308042524
E01030467,631,17851.56245973041,4532.129046854667,18139.87253561622,4217.300718654435,645.0,654.0,0.0158937211559639,0.0746516194132537,Guildford 015B,-1.589372115596388,7.46516194132536,4.527267028460874
E01030494,647,10922.96699442582,3614.19891568752,11998.52374697408,3606.001804906289,642.0,668.0,0.0896407570822623,0.0022731854349261,Guildford 012B,-8.964075708226238,0.22731854349262726,4.595697125859433
E01030479,805,12442.367746300322,3942.2810340705582,13021.70055614595,4152.059790227579,699.0,805.0,0.0444897966550302,0.0505240210294568,Guildford 017D,-4.448979665503028,-5.052402102945686,4.7506908842243565
E01030489,947,11892.054967032482,4020.082785495968,12280.02007683569,3711.751302355312,914.0,922.0,0.0315931983315762,0.0830690038271159,Guildford 006D,-3.1593198331576255,8.306900382711602,5.733110107934614
E01030480,815,18532.11274918853,4816.4185646196265,19485.96305235014,4509.283314250249,804.0,800.0,0.0489506369584626,0.0681117660979003,Guildford 017E,-4.895063695846269,6.811176609790026,5.853120152818148
E01030495,664,14346.392933023202,3953.118498875423,14309.26110154803,3544.807861496465,703.0,707.0,0.0025949510049232,0.1151855483661071,Guildford 009C,0.25949510049232405,11.518554836610706,5.8890249685515155
E01030496,622,10327.384216939618,3546.8937343794123,10961.46082660631,3343.986052343304,622.0,642.0,0.0578459951366722,0.060678387666695,Guildford 012C,-5.784599513667221,6.067838766669498,5.926219140168359
E01030504,485,14253.947300289366,3955.4982878658775,15694.10534998745,3849.282460629925,501.0,508.0,0.0917642654730386,0.0275936692935156,Guildford 005F,-9.176426547303862,2.75936692935157,5.967896738327716
E01030470,497,14741.16996154356,4061.9839982923954,16111.50832933826,3925.607957154691,508.0,501.0,0.0850533879127493,0.0347401071696804,Guildford 012A,-8.50533879127494,3.4740107169680456,5.989674754121493
E01030486,609,14063.279114342244,4233.171887812068,13914.33467451118,3816.252776105519,596.0,634.0,0.0107043881949962,0.1092482956886348,Guildford 009A,1.0704388194996195,10.924829568863492,5.997634194181556
E01030499,634,15037.105446981042,4254.555472968948,16720.27659750677,4162.782723091454,658.0,667.0,0.1006664656957117,0.0220460100808097,Guildford 005A,-10.06664656957118,2.2046010080809753,6.135623788826077
E01030447,506,15604.497849621504,4265.294759875198,17323.63314607115,4375.804436651265,537.0,554.0,0.0992364177856959,0.0252547110767679,Guildford 003G,-9.923641778569593,-2.525471107676791,6.224556443123192
E01030424,650,12230.442811241275,3875.146081695566,11869.11226608922,3540.517385826771,591.0,635.0,0.0304429292647605,0.0945140665622388,Guildford 010A,3.0442929264760554,9.451406656223881,6.247849791349968
E01030472,507,19429.431427455707,6076.910528403755,19928.68788871467,6758.468223423049,279.0,603.0,0.0250521491453376,0.1008449951214087,Guildford 017B,-2.50521491453376,-10.084499512140876,6.294857213337318
E01030469,541,16885.350352747006,4258.699243827846,15802.05931811666,4018.793809081406,510.0,527.0,0.0685537886437611,0.0596958804416184,Guildford 015D,6.855378864376105,5.969588044161833,6.412483454268969
E01030461,665,19812.89339226497,5065.558394051351,21286.29228148392,4741.780845277592,678.0,705.0,0.0692182024814438,0.0682818458588641,Guildford 011E,-6.921820248144384,6.82818458588641,6.875002417015397
E01030448,619,22296.384648178748,5053.271682716021,21963.62970668517,4498.107486419878,636.0,659.0,0.0151502709678399,0.1234217274647671,Guildford 016A,1.515027096783994,12.34217274647671,6.928599921630352
E01030445,558,19456.226654145245,4800.044359984047,22224.49291690616,4877.331838278681,621.0,652.0,0.1245592542026053,0.015846262025491,Guildford 003E,-12.455925420260538,-1.5846262025490998,7.020275811404819
E01030466,742,16307.84715472662,4084.049732744044,16919.18847675892,4570.210079823133,546.0,709.0,0.0361330168330515,0.1063759298999016,Guildford 002B,-3.613301683305159,-10.637592989990164,7.125447336647662
E01030481,679,11621.24838191399,3830.62360790531,13131.87849967346,3941.301646629878,639.0,656.0,0.1150353407394861,0.0280815955356288,Guildford 007A,-11.503534073948618,-2.8081595535628834,7.155846813755751
E01030430,610,16275.475591461674,4192.947089694685,15395.73465339765,3854.942271565492,609.0,626.0,0.0571418615525356,0.0876809026745631,Guildford 004E,5.714186155253564,8.768090267456309,7.2411382113549365
E01030460,622,19285.46824241935,4574.164551059924,18456.32461807031,4155.993718967418,615.0,623.0,0.0449246337776935,0.1006187353421704,Guildford 011D,4.492463377769362,10.061873534217035,7.277168455993198
E01030456,549,27871.16301066617,6026.272791794923,28625.94546566105,6853.677543130708,558.0,596.0,0.0263670751381922,0.1207242018797739,Guildford 016D,-2.6367075138192364,-12.072420187977395,7.354563850898316
E01030488,758,12744.258080103671,4157.771365514729,12764.90547108545,3603.338727773491,747.0,796.0,0.0016175122509561,0.1538663666193333,Guildford 006C,-0.1617512250956299,15.38663666193334,7.774193943514485
E01030485,759,11065.160941668057,3478.8362366606925,10637.92243997142,3115.531388704269,781.0,820.0,0.0401618364965052,0.1166108771279367,Guildford 006A,4.016183649650529,11.661087712793684,7.838635681222106
E01030477,731,13088.595155771169,3935.851478550769,14687.56904579998,4143.788451635872,773.0,814.0,0.108865795629131,0.0501804026706561,Guildford 001F,-10.886579562913102,-5.018040267065615,7.952309914989359
E01030435,718,15394.639645598429,4206.573436467596,16883.63264058705,3924.766379130184,720.0,719.0,0.0881915063355021,0.0718022501507125,Guildford 008B,-8.8191506335502,7.180225015071273,7.999687824310737
E01030478,631,20046.052573524285,5015.025926262617,20296.6597652215,5886.576214421636,612.0,721.0,0.0123472135117834,0.1480572503289418,Guildford 017C,-1.2347213511783472,-14.805725032894191,8.02022319203627
E01030426,622,10299.572545659785,3666.809316119392,11536.08125238638,3476.400363067293,591.0,639.0,0.1071861995138783,0.054771871236401,Guildford 004A,-10.71861995138782,5.477187123640093,8.097903537513957
E01030501,587,12490.996812248814,4166.011066204787,13525.42277813499,4569.682530015833,672.0,758.0,0.0764801206479411,0.0883368726732199,Guildford 005C,-7.648012064794118,-8.833687267321988,8.240849666058054
E01030465,586,16199.972037562928,4408.53688847225,16563.40607059524,5162.262811214044,585.0,648.0,0.0219419865384759,0.1460068869613662,Guildford 002A,-2.194198653847601,-14.600688696136622,8.397443674992111
E01030458,527,19292.53380839257,5490.883260660598,20391.89500402342,6302.169865092753,326.0,538.0,0.053911673996651,0.1287313134680501,Guildford 001B,-5.391167399665109,-12.87313134680501,9.132149373235059
E01030490,691,17944.084313200266,5144.102835868923,18651.75656104489,6033.652656069899,396.0,701.0,0.0379413191207219,0.1474313937024669,Guildford 018A,-3.794131912072196,-14.743139370246695,9.268635641159445
E01030423,619,10754.137325907644,3713.2525689389554,12846.75992701106,3801.543298281658,835.0,845.0,0.1628910801628319,0.0232249700753404,Guildford 014C,-16.289108016283194,-2.322497007534041,9.305802511908617
E01030500,610,12939.989648509889,4019.9915370428967,13743.83185951493,3543.443408922978,602.0,618.0,0.0584874887310658,0.134487297559174,Guildford 005B,-5.848748873106569,13.448729755917398,9.648739314511984
E01030422,812,10299.176505682935,3925.603365943515,10944.7703856573,3460.520000268108,702.0,809.0,0.0589865165942987,0.1343969593122924,Guildford 014B,-5.898651659429888,13.439695931229245,9.669173795329566
E01030437,896,17998.116008869743,4893.716511440464,18378.02895792617,4168.453613533839,928.0,990.0,0.0206721270233158,0.1739884775380233,Guildford 011B,-2.067212702331578,17.398847753802336,9.733030228066957
E01030425,825,11156.002134837492,3770.2740780888857,12314.76647044191,3423.142092746731,843.0,841.0,0.0940955184481736,0.1014074134046874,Guildford 014D,-9.409551844817365,10.14074134046874,9.775146592643052
E01030444,474,18432.12289281878,4538.01927154908,21258.06031920198,4862.37478166667,593.0,600.0,0.1329348672433009,0.0667072211999279,Guildford 003D,-13.293486724330094,-6.670722119992789,9.982104422161441
E01030436,972,14835.859263058212,4666.641130543136,14214.03108196579,4025.806301985622,813.0,1036.0,0.0437474898926719,0.159181734163772,Guildford 011A,4.374748989267174,15.9181734163772,10.146461202822188
E01030452,1333,11513.259670872014,3441.486122823725,12565.20027142102,3071.550350641701,892.0,1175.0,0.083718570164106,0.1204394295879729,Guildford 015A,-8.371857016410612,12.04394295879727,10.207899987603941
E01030487,660,13752.447724892138,4324.503837798341,13582.52402353525,3609.69266707559,555.0,680.0,0.0125104657324699,0.1980254932068381,Guildford 006B,1.2510465732469944,19.802549320683816,10.526797946965406
E01030473,673,18927.508199649365,4876.891521006788,20967.50999051451,5543.766761087269,594.0,699.0,0.0972934693622667,0.1202928024969235,Guildford 002C,-9.72934693622668,-12.029280249692354,10.879313592959516
E01030459,585,10744.66149538497,3659.559143816708,13561.50583111278,3612.912778866993,587.0,612.0,0.2077088172071136,0.0129110133027741,Guildford 001C,-20.770881720711365,1.2911013302774332,11.0309915254944
E01030457,830,11486.35297595828,4022.7500372798977,11610.38516797676,3286.166795434669,633.0,874.0,0.0106828662636085,0.224146638834198,Guildford 013F,-1.0682866263608481,22.414663883419795,11.741475254890322
E01030455,1015,13407.281097582403,4641.41506152224,15623.08409150719,4234.008563295967,745.0,1091.0,0.1418287823931837,0.0962224077102779,Guildford 013E,-14.182878239318386,9.622240771027801,11.902559505173095
E01030439,647,22731.39682455559,5743.754210062277,20444.67884954853,5058.449245121293,591.0,681.0,0.1118490533324057,0.1354772839921124,Guildford 011C,11.184905333240568,13.547728399211234,12.366316866225901
E01030449,701,11179.293524341769,4292.82247628088,12053.48699027333,3653.409600260418,588.0,768.0,0.0725261882007257,0.1750181189579413,Guildford 016B,-7.2526188200725645,17.50181189579414,12.377215357933352
E01030463,616,13940.854626324312,4106.606564847382,13345.12466095818,3407.034386792455,633.0,636.0,0.0446402697989754,0.2053317045366067,Guildford 008D,4.46402697989754,20.533170453660677,12.498598716779108
E01030442,549,29391.429940169597,5882.126364473094,31132.57148724238,7517.985925198283,544.0,584.0,0.0559266859079173,0.2175927937351178,Guildford 003B,-5.592668590791727,-21.759279373511788,13.675973982151758
E01030438,809,16057.542518489594,5438.398588870096,17454.86163107484,4529.460575373888,651.0,900.0,0.080053290717447,0.2006724638333295,Guildford 013A,-8.005329071744704,20.06724638333295,14.036287727538827
E01030453,752,13852.859859105594,4385.721642275811,14745.23070698433,3590.752116006867,679.0,859.0,0.0605192869214348,0.2213935968247784,Guildford 013D,-6.051928692143482,22.139359682477846,14.095644187310665
E01030450,1144,12904.212054489552,4172.979869194092,13561.82569855371,3369.111536643253,914.0,1179.0,0.0484900527909224,0.238599501324838,Guildford 013B,-4.849005279092244,23.85995013248381,14.354477705788028
E01030492,800,21789.588030846517,5920.984958006058,24730.02071812806,7199.825069256957,470.0,876.0,0.1189013434641442,0.1776209975866648,Guildford 018C,-11.890134346414404,-17.762099758666483,14.826117052540443
E01030451,946,11822.815860137664,4064.5063275284574,13061.80496478674,3381.730724449462,662.0,1019.0,0.0948558876808572,0.2019012330410047,Guildford 013C,-9.485588768085728,20.19012330410044,14.837856036093083
E01030441,484,20413.061786398957,4927.854187005339,21854.19218104445,6440.579287922162,477.0,573.0,0.0659429725293384,0.2348740747208242,Guildford 003A,-6.594297252933822,-23.487407472082435,15.04085236250813
E01030429,709,8569.174959639478,3349.099758201444,10203.2517937233,2926.44270696452,700.0,761.0,0.1601525540209692,0.1444269010396342,Guildford 004D,-16.01525540209693,14.442690103963418,15.228972753030174
E01030491,820,16219.281614728154,4561.017883319175,18692.98658865944,5583.934196391687,748.0,866.0,0.1323333198897185,0.1831891775754656,Guildford 018B,-13.233331988971852,-18.318917757546572,15.776124873259212
E01030421,930,10217.37458391048,3884.747927612661,13273.08459001211,3577.262460786233,1024.0,959.0,0.2302185287360426,0.0859555233078556,Guildford 014A,-23.02185287360429,8.59555233078555,15.80870260219492
E01030475,467,18024.879229369657,4829.9043340693615,21224.34308992221,5824.213342441389,506.0,546.0,0.1507450123189787,0.1707198809367847,Guildford 001D,-15.074501231897875,-17.07198809367848,16.073244662788177
E01030471,477,23545.86645695605,5593.174551612663,26774.64307263853,7319.492163238502,397.0,522.0,0.1205908368945551,0.2358521019116757,Guildford 017A,-12.059083689455496,-23.585210191167572,17.822146940311534
E01030446,515,21064.052052565028,5449.148424026424,24435.9128090308,7040.585071360601,451.0,566.0,0.1379879189624392,0.2260375567092794,Guildford 003F,-13.798791896243923,-22.603755670927928,18.201273783585926
E01030440,648,20693.82193574449,5147.66745987282,24730.07350548494,6452.326132628951,503.0,670.0,0.163212275484957,0.2021997409831109,Guildford 001A,-16.32122754849572,-20.219974098311088,18.270600823403406
E01030462,718,13213.69851943558,3772.365897211488,14500.58178927394,2852.267528823788,639.0,744.0,0.0887470095020784,0.3225848764499059,Guildford 008C,-8.874700950207837,32.258487644990595,20.566594297599217
E01030474,530,9863.611034300888,3564.1831309870868,12852.65476084188,2957.350448347107,560.0,484.0,0.2325623602407572,0.2051947150798934,Guildford 002D,-23.256236024075726,20.51947150798934,21.887853766032535
E01030468,553,12203.771565528648,4112.74322272596,14975.1959389643,3211.765617129284,420.0,461.0,0.1850676535206208,0.280524083323982,Guildford 015C,-18.50676535206207,28.052408332398215,23.279586842230145
